sample,n,first,last,nominal_inflation_correlation,real_inflation_correlation,nominal_mean,nominal_sd,nominal_geometric_mean,nominal_min,nominal_p05,nominal_p25,nominal_median,nominal_p75,nominal_p95,nominal_max,nominal_negative_share,real_mean,real_sd,real_geometric_mean,real_min,real_p05,real_p25,real_median,real_p75,real_p95,real_max,real_negative_share,inflation_mean,inflation_sd,inflation_geometric_mean,inflation_min,inflation_p05,inflation_p25,inflation_median,inflation_p75,inflation_p95,inflation_max,inflation_negative_share
frequency_aware_extended,57,1968,2025,0.607630685174224,-0.5737963169338078,0.020314035087719298,0.015612474436504063,0.020197255094744845,-6.666666666666667e-05,9.500000000000003e-05,0.006941666666666666,0.019458333333333334,0.0301,0.04883333333333333,0.055099999999999996,0.017543859649122806,-0.005483035544132534,0.014572266101383034,-0.005589423384256161,-0.06425452276980659,-0.020823590574409696,-0.011180572252945442,-0.005296750663126737,0.0009005354534803445,0.017663375490329078,0.02648752399232568,0.7368421052631579,0.02609064327485614,0.01832258397463173,0.025931621289427782,-0.00141666666667,0.004233333333334,0.0139166666667,0.0205,0.0361666666667,0.06453333333333332,0.07,0.017543859649122806
frequency_aware_bundled_end2020,52,1968,2020,0.8224085472758266,-0.4824679269189839,0.02199423076923077,0.015305213411338517,0.021882262688956513,8.333333333333334e-06,0.0003200000000000001,0.01115625,0.02024583333333333,0.0313625,0.0489375,0.055099999999999996,0.0,-0.0025475324610821806,0.00979168300929484,-0.0025943890489086344,-0.018574766355140215,-0.014187678425102995,-0.008160202251476983,-0.00423316646396571,0.0015033090925468118,0.017880875337100186,0.02648752399232568,0.7115384615384616,0.024685897435900002,0.017535162428706026,0.024540318872404408,-0.00141666666667,0.0039000000000015004,0.01389583333335,0.01975,0.03497916666665,0.058916666666684964,0.07,0.019230769230769232
frequency_aware_live_revised,57,1968,2025,0.6076306851742976,-0.5737963169337277,0.020314035087719298,0.015612474436504063,0.020197255094744845,-6.666666666666667e-05,9.500000000000003e-05,0.006941666666666666,0.019458333333333334,0.0301,0.04883333333333333,0.055099999999999996,0.017543859649122806,-0.005483035544130306,0.014572266101380849,-0.005589423384253901,-0.06425452276980659,-0.020823590574409696,-0.011180572252945442,-0.005296750663129957,0.000900535453512985,0.01766337549035639,0.026487523992322348,0.7368421052631579,0.026090643274853803,0.018322583974630314,0.025931621289425465,-0.001416666666666667,0.004233333333333334,0.013916666666666667,0.0205,0.036166666666666666,0.06453333333333332,0.07,0.017543859649122806
strict_month_original_1976_2020,45,1976,2020,0.8065409077487133,-0.4559259963194254,0.018431666666666666,0.01295979878199106,0.018351379201088418,8.333333333333334e-06,0.00023833333333333337,0.010233333333333334,0.017433333333333335,0.028091666666666668,0.04441499999999997,0.04916666666666667,0.0,-0.0029517033825642576,0.008526744502690144,-0.0029871265364770855,-0.017413016782676594,-0.013583971081470737,-0.00803923144944152,-0.004123880719658191,0.0009005354534803445,0.007980168249939544,0.02648752399232568,0.7333333333333333,0.021501851851853333,0.014473084223730113,0.021402437526646605,-0.00141666666667,0.003433333333336,0.0128333333333,0.0181666666667,0.0271666666667,0.050183333333299975,0.0635,0.022222222222222223
strict_month_extended,50,1976,2025,0.4963019108882461,-0.6391488188907923,0.0168725,0.01318143355701169,0.016789204896313786,-6.666666666666667e-05,5.7083333333333357e-05,0.006029166666666667,0.014604166666666668,0.025481249999999997,0.041881666666666637,0.04916666666666667,0.02,-0.006257759805093453,0.014293711942160085,-0.006360270831463981,-0.06425452276980659,-0.024236245650522667,-0.010853749432233883,-0.005201863322365996,-0.0010045975041265975,0.007778586140348673,0.02648752399232568,0.76,0.023421666666668,0.016177615778213746,0.02329765512410508,-0.00141666666667,0.0037666666666685,0.01385416666665,0.02,0.029916666666675,0.057524999999999986,0.06866666666666667,0.02
modern_only_2003_latest,23,2003,2025,-0.09477325359475043,-0.9387028126263122,0.006144927536231884,0.00588466952974492,0.006128511537159709,-6.666666666666667e-05,8.333333333333393e-07,0.0006625,0.004733333333333333,0.010945833333333333,0.017049999999999996,0.019458333333333334,0.043478260869565216,-0.013057400392274649,0.016370616507972103,-0.013190134643550932,-0.06425452276980659,-0.05076962459420546,-0.015459266559860352,-0.006698603442643947,-0.004160121438518016,0.0009154329342198567,0.007335105499248762,0.9130434782608695,0.01969202898550435,0.01582245309548072,0.0195768677015936,0.00316666666667,0.004583333333332999,0.0107083333333,0.0159166666667,0.022083333333333333,0.05706666666666663,0.06866666666666667,0.0
modern_only_2003_2020,18,2003,2020,0.5330512888094654,-0.5223244096640028,0.007062962962962964,0.006241862167559374,0.00704472637593713,8.333333333333334e-06,0.00010041666666666668,0.0010708333333333334,0.006804166666666667,0.011385416666666667,0.017737083333333334,0.019458333333333334,0.0,-0.006681048387946438,0.006115579151377769,-0.0066988131593722616,-0.017413016782676594,-0.015023920013092324,-0.012170644298641675,-0.005409636225902459,-0.0036823520972554258,0.002180209723933704,0.007335105499248762,0.8888888888888888,0.013856481481477778,0.006594387936054876,0.013836225826954993,0.00316666666667,0.0043000000000005,0.0095833333333275,0.01520833333335,0.01758333333335,0.023570833333299995,0.0263333333333,0.0
early_carry_including1975_extended,58,1968,2025,0.6270956550174276,-0.5753479876913374,0.020714195912093357,0.015765272492514772,0.020595076714735455,-6.666666666666667e-05,0.00010041666666666668,0.007147916666666666,0.019691666666666666,0.031024999999999997,0.048612837899543376,0.055099999999999996,0.017241379310344827,-0.005643700042892165,0.014448942829906802,-0.0057483258942241594,-0.06425452276980659,-0.021029714438936836,-0.012184344261630481,-0.005201863322365996,0.0004597105725324402,0.017123137845935364,0.02648752399232568,0.7413793103448276,0.02666091954023276,0.018673237030733977,0.02649570857665659,-0.00141666666667,0.0043000000000005,0.0140416666667,0.02054166666665,0.03647916666665,0.064275,0.07,0.017241379310344827
1975_available_11_month_mean,58,1968,2025,0.6248252410558591,-0.5755558748493784,0.020715203761755487,0.01577362859950948,0.02059596373438349,-6.666666666666667e-05,0.00010041666666666668,0.007147916666666666,0.019691666666666666,0.031024999999999997,0.0488125,0.055099999999999996,0.017241379310344827,-0.005642194501310768,0.014494644373880454,-0.005747461770155609,-0.06425452276980659,-0.020261384519592328,-0.012213776197857407,-0.005351736266780094,0.0004597105725324402,0.017619875520974857,0.02648752399232568,0.7413793103448276,0.02666091954023276,0.018673237030733977,0.02649570857665659,-0.00141666666667,0.0043000000000005,0.0140416666667,0.02054166666665,0.03647916666665,0.064275,0.07,0.017241379310344827
1975_jan_prior_nov_quote,58,1968,2025,0.6256960921861707,-0.5740213338916297,0.020731752873563217,0.015798524175474185,0.020612141026469976,-6.666666666666667e-05,0.00010041666666666668,0.007147916666666666,0.019691666666666666,0.031024999999999997,0.0488125,0.055099999999999996,0.017241379310344827,-0.005626569848148472,0.014485178833775657,-0.00573170204320174,-0.06425452276980659,-0.020261384519592328,-0.012213776197857407,-0.005351736266780094,0.0004597105725324402,0.017619875520974857,0.02648752399232568,0.7413793103448276,0.02666091954023276,0.018673237030733977,0.02649570857665659,-0.00141666666667,0.0043000000000005,0.0140416666667,0.02054166666665,0.03647916666665,0.064275,0.07,0.017241379310344827
1975_jan_first_feb_quote,58,1968,2025,0.6254582671495519,-0.5744517266877709,0.020727155172413792,0.015791510673699504,0.020607648090937916,-6.666666666666667e-05,0.00010041666666666668,0.007147916666666666,0.019691666666666666,0.031024999999999997,0.0488125,0.055099999999999996,0.017241379310344827,-0.005630910714693954,0.014487711140326398,-0.0057360790079513425,-0.06425452276980659,-0.020261384519592328,-0.012213776197857407,-0.005351736266780094,0.0004597105725324402,0.017619875520974857,0.02648752399232568,0.7413793103448276,0.02666091954023276,0.018673237030733977,0.02649570857665659,-0.00141666666667,0.0043000000000005,0.0140416666667,0.02054166666665,0.03647916666665,0.064275,0.07,0.017241379310344827
1975_jan_midpoint_prior_and_first,58,1968,2025,0.6255775749419398,-0.5742369207215836,0.020729454022988505,0.015795008111010703,0.020609894699628113,-6.666666666666667e-05,0.00010041666666666668,0.007147916666666666,0.019691666666666666,0.031024999999999997,0.0488125,0.055099999999999996,0.017241379310344827,-0.005628740281421212,0.014486435612003584,-0.005733890388289884,-0.06425452276980659,-0.020261384519592328,-0.012213776197857407,-0.005351736266780094,0.0004597105725324402,0.017619875520974857,0.02648752399232568,0.7413793103448276,0.02666091954023276,0.018673237030733977,0.02649570857665659,-0.00141666666667,0.0043000000000005,0.0140416666667,0.02054166666665,0.03647916666665,0.064275,0.07,0.017241379310344827
1975_carry_forward_midmonth,58,1968,2025,0.626165161434605,-0.5731456717449234,0.020741006140765232,0.015812865070938698,0.020621180027604248,-6.666666666666667e-05,0.00010041666666666668,0.007147916666666666,0.019691666666666666,0.031024999999999997,0.0488125,0.055099999999999996,0.017241379310344827,-0.005617833482576153,0.014480309814975034,-0.005722896355015472,-0.06425452276980659,-0.020261384519592328,-0.012213776197857407,-0.005351736266780094,0.0004597105725324402,0.017619875520974857,0.02648752399232568,0.7413793103448276,0.02666091954023276,0.018673237030733977,0.02649570857665659,-0.00141666666667,0.0043000000000005,0.0140416666667,0.02054166666665,0.03647916666665,0.064275,0.07,0.017241379310344827
frequency_aware_extended_decade_1960,2,1968,1969,1.0000000000000002,-1.0,0.036250000000000004,0.0017677669529663704,0.036249246079339735,0.035,0.035125,0.035625000000000004,0.036250000000000004,0.036875000000000005,0.037375000000000005,0.037500000000000006,0.0,0.018806289449183278,0.0018623974077313472,0.018805438324295976,0.017489375612912195,0.017621066996539304,0.018147832531047736,0.018806289449183278,0.01946474636731882,0.019991511901827252,0.02012320328545436,0.0,0.017125,0.0035944594710787567,0.017121824343355335,0.0145833333333,0.014837499999970001,0.015854166666650002,0.017125,0.01839583333335,0.01941250000003,0.0196666666667,0.0
frequency_aware_extended_decade_1970,9,1970,1979,0.777265799181368,-0.7467763630539809,0.04070833333333333,0.010110934159776402,0.04066464888048204,0.02550833333333333,0.02783833333333333,0.03145,0.04135,0.04875,0.05311,0.055099999999999996,0.0,-0.006561657851601195,0.009221557701750987,-0.0065994802822699405,-0.018574766355140215,-0.01668423203834759,-0.01309429789925709,-0.0060187035408523215,-0.005433233011278071,0.007570078513453454,0.013693113169585658,0.8888888888888888,0.04767592592593333,0.015209500208922967,0.04757812002774257,0.0271666666667,0.03013333333334,0.0373333333333,0.0425833333333,0.0551666666667,0.06996666666668,0.07,0.0
frequency_aware_extended_decade_1980,10,1980,1989,0.9271186714663849,-0.9348440512885309,0.03261583333333333,0.011329574846555529,0.032560099282319906,0.02008333333333333,0.020529583333333334,0.024502083333333334,0.029454166666666663,0.04298333333333333,0.04887416666666667,0.04916666666666667,0.0,0.003747957171117533,0.012083247216986866,0.003682744146695688,-0.013477511361855488,-0.010851464819433004,-0.0033554999791097218,0.0025471335898443193,0.007895609762909761,0.022829856945777598,0.02648752399232568,0.5,0.02898333333333,0.022041865328515996,0.028771397440109384,-0.00141666666667,0.00042083333333299967,0.014749999999975,0.02583333333335,0.047437499999975,0.05944999999999999,0.0635,0.1
frequency_aware_extended_decade_1990,10,1990,1999,0.9086197184161382,-0.9478034692082354,0.021691666666666668,0.005548314725779018,0.02167810428089074,0.013058333333333333,0.014205833333333334,0.01780625,0.020679166666666665,0.02741875,0.02819375,0.02825,0.0,-0.0014609154510148326,0.007063366827768279,-0.001483410742308009,-0.011180572252945442,-0.010825203431429587,-0.007381104054689502,-0.0008083135089741456,0.005056828727151186,0.006913111215586387,0.006965215235894995,0.5,0.02325833333334,0.011912065286202289,0.023195924106195608,0.00616666666667,0.007254166666667,0.01491666666665,0.023083333333349998,0.0339166666667,0.038324999999984996,0.03975,0.0
frequency_aware_extended_decade_2000,10,2000,2009,0.7863917527309622,-0.9078732705939467,0.013033333333333334,0.0030427712352596374,0.013029230360269347,0.010233333333333334,0.010364583333333333,0.011372916666666667,0.011929166666666666,0.013316666666666668,0.018547083333333332,0.019458333333333334,0.0,-0.002806597713269221,0.004465427686932392,-0.00281556699142734,-0.008086913902989545,-0.007462174195834026,-0.005418635336909949,-0.0037730605896361125,-0.0016426660455172992,0.004606043029964318,0.007335105499248762,0.8,0.015908333333337,0.0065103727776222005,0.01588953540308669,0.00316666666667,0.006279166666653501,0.0140416666667,0.0156666666667,0.01927083333335,0.024870833333299997,0.0263333333333,0.0
frequency_aware_extended_decade_2010,10,2010,2019,0.4160931898680872,-0.8424359964519935,0.003140833333333333,0.003014149886292491,0.003136761462624716,0.00011666666666666667,0.00015041666666666667,0.00054375,0.0022041666666666668,0.005997916666666667,0.007395416666666666,0.0077666666666666665,0.0,-0.010053703561543725,0.0050183540780347575,-0.010065146519002867,-0.017413016782676594,-0.016148200845837863,-0.013435591085577958,-0.011783111084455289,-0.004889382704459655,-0.0037611357163240605,-0.003583872573419633,1.0,0.013349999999999999,0.0055839275526772284,0.013336138166268677,0.0045,0.0049874999999985,0.009895833333327499,0.014541666666699999,0.017250000000025,0.0202458333333,0.0205833333333,0.0
frequency_aware_extended_decade_2020,6,2020,2025,-0.12150612897607356,-0.9944181392109501,0.0023680555555555555,0.00269852025637646,0.002365029421716088,-6.666666666666667e-05,-5e-05,2.0833333333333377e-06,0.0018625,0.004479166666666667,0.005545833333333333,0.005816666666666667,0.16666666666666666,-0.03089301478373463,0.023151077282305945,-0.03112501577685419,-0.06425452276980659,-0.06146526314653736,-0.04727783507041916,-0.023196556286918413,-0.016380720094768264,-0.008051617602072042,-0.005296750663126737,1.0,0.034805555555555,0.024458676412510368,0.03456590968278835,0.00533333333333,0.009416666666664167,0.021875,0.026583333333333334,0.05266666666666667,0.0665,0.06866666666666667,0.0
frequency_aware_live_revised_decade_1960,2,1968,1969,1.0,-1.0,0.036250000000000004,0.0017677669529663704,0.036249246079339735,0.035,0.035125,0.035625000000000004,0.036250000000000004,0.036875000000000005,0.037375000000000005,0.037500000000000006,0.0,0.018806289449183167,0.0018623974076840875,0.01880543832429591,0.0174893756129455,0.01762106699656927,0.018147832531064334,0.018806289449183167,0.019464746367302,0.019991511901797064,0.020123203285420832,0.0,0.017125,0.003594459471031618,0.01712182434335542,0.014583333333333334,0.0148375,0.01585416666666667,0.017125,0.018395833333333333,0.019412500000000003,0.01966666666666667,0.0
frequency_aware_live_revised_decade_1970,9,1970,1979,0.7772657991817986,-0.7467763630536552,0.04070833333333333,0.010110934159776402,0.04066464888048204,0.02550833333333333,0.02783833333333333,0.03145,0.04135,0.04875,0.05311,0.055099999999999996,0.0,-0.006561657851594423,0.009221557701737554,-0.006599480282263058,-0.018574766355140215,-0.016684232038335335,-0.013094297899226004,-0.006018703540884074,-0.005433233011246541,0.007570078513446881,0.013693113169553017,0.8888888888888888,0.04767592592592593,0.01520950020891345,0.04757812002773529,0.02716666666666667,0.030133333333333335,0.037333333333333336,0.042583333333333334,0.05516666666666667,0.06996666666666668,0.07,0.0
frequency_aware_live_revised_decade_1980,10,1980,1989,0.927118671466508,-0.9348440512886105,0.03261583333333333,0.011329574846555529,0.032560099282319906,0.02008333333333333,0.020529583333333334,0.024502083333333334,0.029454166666666663,0.04298333333333333,0.04887416666666667,0.04916666666666667,0.0,0.00374795717111428,0.012083247216985562,0.0036827441466924494,-0.013477511361855488,-0.010851464819433004,-0.0033554999791252926,0.0025471335898443193,0.007895609762901434,0.022829856945777265,0.026487523992322348,0.5,0.028983333333333333,0.02204186532851732,0.028771397440112693,-0.001416666666666667,0.00042083333333333317,0.014750000000000001,0.025833333333333333,0.0474375,0.05944999999999999,0.0635,0.1
frequency_aware_live_revised_decade_1990,10,1990,1999,0.9086197184162785,-0.94780346920828,0.021691666666666668,0.005548314725779018,0.02167810428089074,0.013058333333333333,0.014205833333333334,0.01780625,0.020679166666666665,0.02741875,0.02819375,0.02825,0.0,-0.0014609154510083378,0.007063366827765786,-0.0014834107423014984,-0.011180572252945442,-0.010825203431415298,-0.0073811040547134,-0.000808313508941505,0.005056828727134588,0.006913111215586054,0.006965215235891664,0.5,0.023258333333333336,0.011912065286201048,0.023195924106188953,0.006166666666666667,0.007254166666666667,0.014916666666666667,0.023083333333333338,0.033916666666666664,0.038325,0.03975,0.0
frequency_aware_live_revised_decade_2000,10,2000,2009,0.7863917527324278,-0.9078732705945206,0.013033333333333334,0.0030427712352596374,0.013029230360269347,0.010233333333333334,0.010364583333333333,0.011372916666666667,0.011929166666666666,0.013316666666666668,0.018547083333333332,0.019458333333333334,0.0,-0.002806597713265524,0.004465427686932778,-0.0028155669914236444,-0.008086913902957127,-0.007462174195830684,-0.00541863533694234,-0.0037730605896034164,-0.0016426660454842423,0.004606043029951261,0.0073351054992520925,0.8,0.015908333333333333,0.006510372777629842,0.015889535403082976,0.0031666666666666666,0.006279166666666667,0.014041666666666668,0.015666666666666666,0.019270833333333334,0.02487083333333333,0.026333333333333334,0.0
frequency_aware_live_revised_decade_2010,10,2010,2019,0.4160931898716015,-0.8424359964519716,0.003140833333333333,0.003014149886292491,0.003136761462624716,0.00011666666666666667,0.00015041666666666667,0.00054375,0.0022041666666666668,0.005997916666666667,0.007395416666666666,0.0077666666666666665,0.0,-0.010053703561543715,0.0050183540780257595,-0.010065146519002815,-0.017413016782644286,-0.016148200845820092,-0.01343559108556161,-0.011783111084455233,-0.004889382704483386,-0.0037611357163255094,-0.003583872573419633,1.0,0.01335,0.0055839275526801254,0.013336138166268661,0.0045,0.0049875,0.009895833333333333,0.014541666666666668,0.01725,0.020245833333333334,0.020583333333333335,0.0
frequency_aware_live_revised_decade_2020,6,2020,2025,-0.12150612897610145,-0.9944181392109499,0.0023680555555555555,0.00269852025637646,0.002365029421716088,-6.666666666666667e-05,-5e-05,2.0833333333333377e-06,0.0018625,0.004479166666666667,0.005545833333333333,0.005816666666666667,0.16666666666666666,-0.030893014783735167,0.023151077282305234,-0.03112501577685472,-0.06425452276980659,-0.06146526314653736,-0.04727783507041916,-0.023196556286918413,-0.016380720094768264,-0.008051617602074457,-0.005296750663129957,1.0,0.034805555555555555,0.024458676412509567,0.03456590968278892,0.005333333333333334,0.009416666666666667,0.021875,0.026583333333333334,0.05266666666666667,0.0665,0.06866666666666667,0.0
modern_only_2003_latest_decade_2000,7,2003,2009,0.879937297586385,-0.9422681159444728,0.013673809523809524,0.00344108963608882,0.013668811809227664,0.010525,0.0107775,0.011379166666666666,0.011941666666666666,0.015516666666666668,0.018850833333333334,0.019458333333333334,0.0,-0.002060726386353129,0.004899904863235608,-0.00207100428589453,-0.006698603442643947,-0.006345778946454217,-0.005314748885141718,-0.0034222404596140343,-0.0005049242655896236,0.005515730519725799,0.007335105499248762,0.7142857142857143,0.01579761904761,0.007714203041874667,0.015772480970811912,0.00316666666667,0.005241666666659,0.012750000000000001,0.0159166666667,0.0198333333333,0.025358333333299996,0.0263333333333,0.0
modern_only_2003_latest_decade_2010,10,2010,2019,0.4160931898680872,-0.8424359964519935,0.003140833333333333,0.003014149886292491,0.003136761462624716,0.00011666666666666667,0.00015041666666666667,0.00054375,0.0022041666666666668,0.005997916666666667,0.007395416666666666,0.0077666666666666665,0.0,-0.010053703561543725,0.0050183540780347575,-0.010065146519002867,-0.017413016782676594,-0.016148200845837863,-0.013435591085577958,-0.011783111084455289,-0.004889382704459655,-0.0037611357163240605,-0.003583872573419633,1.0,0.013349999999999999,0.0055839275526772284,0.013336138166268677,0.0045,0.0049874999999985,0.009895833333327499,0.014541666666699999,0.017250000000025,0.0202458333333,0.0205833333333,0.0
modern_only_2003_latest_decade_2020,6,2020,2025,-0.12150612897607356,-0.9944181392109501,0.0023680555555555555,0.00269852025637646,0.002365029421716088,-6.666666666666667e-05,-5e-05,2.0833333333333377e-06,0.0018625,0.004479166666666667,0.005545833333333333,0.005816666666666667,0.16666666666666666,-0.03089301478373463,0.023151077282305945,-0.03112501577685419,-0.06425452276980659,-0.06146526314653736,-0.04727783507041916,-0.023196556286918413,-0.016380720094768264,-0.008051617602072042,-0.005296750663126737,1.0,0.034805555555555,0.024458676412510368,0.03456590968278835,0.00533333333333,0.009416666666664167,0.021875,0.026583333333333334,0.05266666666666667,0.0665,0.06866666666666667,0.0
