year,bundled,live,live_minus_bundled
1950,-0.0631666666667,-0.06316666666666666,3.3334446314370325e-14
1951,0.0769166666667,0.07691666666666666,-3.3334446314370325e-14
1952,0.0226666666667,0.022666666666666665,-3.3334446314370325e-14
1953,-0.0176666666667,-0.017666666666666667,3.333097686741837e-14
1954,0.00233333333333,0.0023333333333333335,3.333704839958429e-15
1955,0.01525,0.01525,0.0
1956,0.0271666666667,0.027166666666666665,-3.3334446314370325e-14
1957,0.02,0.02,0.0
1958,0.0215833333333,0.021583333333333333,3.3334446314370325e-14
1959,0.00866666666667,0.008666666666666666,-3.3341385208274232e-15
1960,0.0150833333333,0.015083333333333334,3.3334446314370325e-14
1961,0.0245,0.0245,0.0
1962,0.0289166666667,0.028916666666666667,-3.3334446314370325e-14
1963,0.0299166666667,0.029916666666666668,-3.333097686741837e-14
1964,0.0235833333333,0.023583333333333335,3.3334446314370325e-14
1965,0.032,0.032,0.0
1966,0.0353333333333,0.035333333333333335,3.3334446314370325e-14
1967,0.0179166666667,0.017916666666666668,-3.333097686741837e-14
1968,0.0145833333333,0.014583333333333334,3.333271159089435e-14
1969,0.0196666666667,0.01966666666666667,-3.333097686741837e-14
1970,0.0345833333333,0.034583333333333334,3.3334446314370325e-14
1971,0.0521666666667,0.05216666666666667,-3.3334446314370325e-14
1972,0.0551666666667,0.05516666666666667,-3.332750742046642e-14
1973,0.07,0.07,0.0
1974,0.0699166666667,0.06991666666666667,-3.3334446314370325e-14
1975,0.0591666666667,0.059166666666666666,-3.3334446314370325e-14
1976,0.0425833333333,0.042583333333333334,3.3334446314370325e-14
1977,0.0373333333333,0.037333333333333336,3.3334446314370325e-14
1978,0.0271666666667,0.02716666666666667,-3.333097686741837e-14
1979,0.0401666666667,0.04016666666666667,-3.332750742046642e-14
1980,0.0545,0.0545,0.0
1981,0.0635,0.0635,0.0
1982,0.0520833333333,0.052083333333333336,3.3334446314370325e-14
1983,0.0335,0.0335,0.0
1984,0.024,0.024,0.0
1985,0.0205,0.0205,0.0
1986,-0.00141666666667,-0.001416666666666667,3.3330543186549377e-15
1987,0.00266666666667,0.002666666666666667,-3.3328374782204406e-15
1988,0.0128333333333,0.012833333333333334,3.3334446314370325e-14
1989,0.0276666666667,0.027666666666666666,-3.3334446314370325e-14
1990,0.0271666666667,0.027166666666666665,-3.3334446314370325e-14
1991,0.0365833333333,0.036583333333333336,3.3334446314370325e-14
1992,0.03975,0.03975,0.0
1993,0.0361666666667,0.036166666666666666,-3.3334446314370325e-14
1994,0.0265,0.026500000000000003,3.469446951953614e-18
1995,0.0181666666667,0.018166666666666668,-3.333097686741837e-14
1996,0.0138333333333,0.013833333333333333,3.333271159089435e-14
1997,0.0196666666667,0.01966666666666667,-3.333097686741837e-14
1998,0.00858333333333,0.008583333333333333,3.3341385208274232e-15
1999,0.00616666666667,0.006166666666666667,-3.333271159089435e-15
2000,0.0139166666667,0.013916666666666667,-3.333271159089435e-14
2001,0.0201666666667,0.020166666666666666,-3.3334446314370325e-14
2002,0.0144166666667,0.014416666666666668,-3.333271159089435e-14
2003,0.0100833333333,0.010083333333333335,3.3334446314370325e-14
2004,0.0165833333333,0.016583333333333335,3.3334446314370325e-14
2005,0.0154166666667,0.015416666666666667,-3.333271159089435e-14
2006,0.0159166666667,0.015916666666666666,-3.3334446314370325e-14
2007,0.0230833333333,0.023083333333333334,3.3334446314370325e-14
2008,0.0263333333333,0.026333333333333334,3.3334446314370325e-14
2009,0.00316666666667,0.0031666666666666666,-3.333271159089435e-15
2010,0.0113333333333,0.011333333333333334,3.3334446314370325e-14
2011,0.0205833333333,0.020583333333333335,3.3334446314370325e-14
2012,0.0198333333333,0.019833333333333335,3.3334446314370325e-14
2013,0.0151666666667,0.015166666666666667,-3.333271159089435e-14
2014,0.00941666666667,0.009416666666666667,-3.3324037973514464e-15
2015,0.00558333333333,0.005583333333333333,3.333271159089435e-15
2016,0.0045,0.0045,0.0
2017,0.01525,0.01525,0.0
2018,0.0179166666667,0.017916666666666668,-3.333097686741837e-14
2019,0.0139166666667,0.013916666666666667,-3.333271159089435e-14
2020,0.00533333333333,0.005333333333333334,3.3341385208274232e-15
