window,model,fitted_real,year,sampled_cpi,renominalized_nominal
frequency_aware_extended,constant_real_arithmetic,-0.005483035544132534,1986,-0.00141666666667,-0.0068919345771149
frequency_aware_extended,constant_real_arithmetic,-0.005483035544132534,1987,0.00266666666667,-0.0028309903055803165
frequency_aware_extended,constant_real_arithmetic,-0.005483035544132534,2009,0.00316666666667,-0.0023337318233521698
frequency_aware_extended,constant_real_arithmetic,-0.005483035544132534,2016,0.0045,-0.0010077092040812197
frequency_aware_extended,constant_real_arithmetic,-0.005483035544132534,2020,0.00533333333333,-0.00017894506703786117
frequency_aware_extended,constant_real_geometric,-0.005589423384256161,1986,-0.00141666666667,-0.006998171701131706
frequency_aware_extended,constant_real_geometric,-0.005589423384256161,1987,0.00266666666667,-0.0029376618466109283
frequency_aware_extended,constant_real_geometric,-0.005589423384256161,2009,0.00316666666667,-0.002440456558302939
frequency_aware_extended,constant_real_geometric,-0.005589423384256161,2015,0.00558333333333,-3.729766482163388e-05
frequency_aware_extended,constant_real_geometric,-0.005589423384256161,2016,0.0045,-0.0011145757894853725
frequency_aware_extended,constant_real_geometric,-0.005589423384256161,2020,0.00533333333333,-0.0002859003089754619
frequency_aware_bundled_end2020,constant_real_arithmetic,-0.0025475324610821806,1986,-0.00141666666667,-0.003960590123432306
frequency_aware_bundled_end2020,constant_real_geometric,-0.0025943890489086344,1986,-0.00141666666667,-0.004007380331092603
frequency_aware_live_revised,constant_real_arithmetic,-0.005483035544130306,1986,-0.001416666666666667,-0.00689193457710946
frequency_aware_live_revised,constant_real_arithmetic,-0.005483035544130306,1987,0.002666666666666667,-0.0028309903055814267
frequency_aware_live_revised,constant_real_arithmetic,-0.005483035544130306,2009,0.0031666666666666666,-0.00233373182335328
frequency_aware_live_revised,constant_real_arithmetic,-0.005483035544130306,2016,0.0045,-0.0010077092040789992
frequency_aware_live_revised,constant_real_arithmetic,-0.005483035544130306,2020,0.005333333333333334,-0.00017894506703231006
frequency_aware_live_revised,constant_real_geometric,-0.005589423384253901,1986,-0.001416666666666667,-0.006998171701126155
frequency_aware_live_revised,constant_real_geometric,-0.005589423384253901,1987,0.002666666666666667,-0.0029376618466120386
frequency_aware_live_revised,constant_real_geometric,-0.005589423384253901,2009,0.0031666666666666666,-0.0024404565583039384
frequency_aware_live_revised,constant_real_geometric,-0.005589423384253901,2015,0.005583333333333333,-3.7297664816082765e-05
frequency_aware_live_revised,constant_real_geometric,-0.005589423384253901,2016,0.0045,-0.001114575789483152
frequency_aware_live_revised,constant_real_geometric,-0.005589423384253901,2020,0.005333333333333334,-0.0002859003089699108
strict_month_original_1976_2020,constant_real_arithmetic,-0.0029517033825642576,1986,-0.00141666666667,-0.004364188469442198
strict_month_original_1976_2020,constant_real_arithmetic,-0.0029517033825642576,1987,0.00266666666667,-0.00029290792491443174
strict_month_original_1976_2020,constant_real_geometric,-0.0029871265364770855,1986,-0.00141666666667,-0.004399561440553645
strict_month_original_1976_2020,constant_real_geometric,-0.0029871265364770855,1987,0.00266666666667,-0.00032842554057110895
strict_month_extended,constant_real_arithmetic,-0.006257759805093453,1986,-0.00141666666667,-0.007665561312039548
strict_month_extended,constant_real_arithmetic,-0.006257759805093453,1987,0.00266666666667,-0.0036077804979037786
strict_month_extended,constant_real_arithmetic,-0.006257759805093453,1999,0.00616666666667,-0.0001296826572215748
strict_month_extended,constant_real_arithmetic,-0.006257759805093453,2009,0.00316666666667,-0.003110909377806226
strict_month_extended,constant_real_arithmetic,-0.006257759805093453,2015,0.00558333333333,-0.0007093656306752516
strict_month_extended,constant_real_arithmetic,-0.006257759805093453,2016,0.0045,-0.0017859197242164893
strict_month_extended,constant_real_arithmetic,-0.006257759805093453,2020,0.00533333333333,-0.0009578011907238615
strict_month_extended,constant_real_geometric,-0.006360270831463981,1986,-0.00141666666667,-0.0077679271144559525
strict_month_extended,constant_real_geometric,-0.006360270831463981,1987,0.00266666666667,-0.0037105648870112695
strict_month_extended,constant_real_geometric,-0.006360270831463981,1999,0.00616666666667,-0.00023282583492134634
strict_month_extended,constant_real_geometric,-0.006360270831463981,2009,0.00316666666667,-0.0032137450224268838
strict_month_extended,constant_real_geometric,-0.006360270831463981,2015,0.00558333333333,-0.0008124490102763282
strict_month_extended,constant_real_geometric,-0.006360270831463981,2016,0.0045,-0.0018888920502055928
strict_month_extended,constant_real_geometric,-0.006360270831463981,2020,0.00533333333333,-0.0010608589425683546
modern_only_2003_latest,constant_real_arithmetic,-0.013057400392274649,2003,0.0100833333333,-0.003105729179596395
modern_only_2003_latest,constant_real_arithmetic,-0.013057400392274649,2009,0.00316666666667,-0.009932082160180156
modern_only_2003_latest,constant_real_arithmetic,-0.013057400392274649,2010,0.0113333333333,-0.0018720509300865773
modern_only_2003_latest,constant_real_arithmetic,-0.013057400392274649,2014,0.00941666666667,-0.003763690912631956
modern_only_2003_latest,constant_real_arithmetic,-0.013057400392274649,2015,0.00558333333333,-0.00754697087780154
modern_only_2003_latest,constant_real_arithmetic,-0.013057400392274649,2016,0.0045,-0.008616158694039977
modern_only_2003_latest,constant_real_arithmetic,-0.013057400392274649,2020,0.00533333333333,-0.007793706527703281
modern_only_2003_latest,constant_real_geometric,-0.013190134643550932,2003,0.0100833333333,-0.003239801834573064
modern_only_2003_latest,constant_real_geometric,-0.013190134643550932,2009,0.00316666666667,-0.010065236736585437
modern_only_2003_latest,constant_real_geometric,-0.013190134643550932,2010,0.0113333333333,-0.00200628950287729
modern_only_2003_latest,constant_real_geometric,-0.013190134643550932,2014,0.00941666666667,-0.0038976750781077873
modern_only_2003_latest,constant_real_geometric,-0.013190134643550932,2015,0.00558333333333,-0.007680446228647386
modern_only_2003_latest,constant_real_geometric,-0.013190134643550932,2016,0.0045,-0.008749490249446934
modern_only_2003_latest,constant_real_geometric,-0.013190134643550932,2020,0.00533333333333,-0.007927148694986341
modern_only_2003_2020,constant_real_arithmetic,-0.006681048387946438,2009,0.00316666666667,-0.003535538374504932
modern_only_2003_2020,constant_real_arithmetic,-0.006681048387946438,2015,0.00558333333333,-0.0011350175747825153
modern_only_2003_2020,constant_real_arithmetic,-0.006681048387946438,2016,0.0045,-0.0022111131056923305
modern_only_2003_2020,constant_real_arithmetic,-0.006681048387946438,2020,0.00533333333333,-0.0013833473126854123
modern_only_2003_2020,constant_real_geometric,-0.0066988131593722616,2009,0.00316666666667,-0.0035533594010401792
modern_only_2003_2020,constant_real_geometric,-0.0066988131593722616,2015,0.00558333333333,-0.0011528815328487596
modern_only_2003_2020,constant_real_geometric,-0.0066988131593722616,2016,0.0045,-0.00222895781858945
modern_only_2003_2020,constant_real_geometric,-0.0066988131593722616,2020,0.00533333333333,-0.0014012068295587987
early_carry_including1975_extended,constant_real_arithmetic,-0.005643700042892165,1986,-0.00141666666667,-0.007052371467834662
early_carry_including1975_extended,constant_real_arithmetic,-0.005643700042892165,1987,0.00266666666667,-0.002992083243003263
early_carry_including1975_extended,constant_real_arithmetic,-0.005643700042892165,2009,0.00316666666667,-0.0024949050930246353
early_carry_including1975_extended,constant_real_arithmetic,-0.005643700042892165,2015,0.00558333333333,-9.187736813498493e-05
early_carry_including1975_extended,constant_real_arithmetic,-0.005643700042892165,2016,0.0045,-0.001169096693085181
early_carry_including1975_extended,constant_real_arithmetic,-0.005643700042892165,2020,0.00533333333333,-0.0003404664431241322
early_carry_including1975_extended,constant_real_geometric,-0.0057483258942241594,1986,-0.00141666666667,-0.007156849099210549
early_carry_including1975_extended,constant_real_geometric,-0.0057483258942241594,1987,0.00266666666667,-0.003096988096605524
early_carry_including1975_extended,constant_real_geometric,-0.0057483258942241594,2009,0.00316666666667,-0.0025998622595524434
early_carry_including1975_extended,constant_real_geometric,-0.0057483258942241594,2015,0.00558333333333,-0.0001970873804703066
early_carry_including1975_extended,constant_real_geometric,-0.0057483258942241594,2016,0.0045,-0.0012741933607481881
early_carry_including1975_extended,constant_real_geometric,-0.0057483258942241594,2020,0.00533333333333,-0.0004456502989965694
