"",BBDP1.M.DE.N.VPI.C.A00000.VGJ.LV,BBDP1.M.DE.N.VPI.C.A00000.VGJ.LV_FLAGS
"",Consumer price index / Germany / Unadjusted figure / Overall index,
Decimals,1,
Methodological explanation,,
Source,"Federal Statistical Office, Wiesbaden.",
Time format code,P1M,
category,KPEV,
unit,Prozent,
unit multiplier,One,
last update,2026-09-30 15:42:15,
1949-06,10.1,
1949-07,4.5,
1949-08,-0.4,
1949-09,-1.4,
1949-10,-6.1,
1949-11,-4.8,
1949-12,-6.1,
1950-01,-7.6,
1950-02,-7.0,
1950-03,-7.4,
1950-04,-7.1,
1950-05,-7.7,
1950-06,-8.1,
1950-07,-7.1,
1950-08,-5.4,
1950-09,-4.7,
1950-10,-4.7,
1950-11,-5.4,
1950-12,-3.6,
1951-01,0.0,
1951-02,1.9,
1951-03,5.7,
1951-04,6.8,
1951-05,8.4,
1951-06,9.2,
1951-07,9.2,
1951-08,9.2,
1951-09,8.7,
1951-10,11.0,
1951-11,11.7,
1951-12,10.5,
1952-01,9.7,
1952-02,7.7,
1952-03,5.0,
1952-04,3.9,Estimated value
1952-05,1.8,
1952-06,1.1,
1952-07,0.7,
1952-08,1.1,
1952-09,0.7,
1952-10,-1.4,
1952-11,-1.7,
1952-12,-1.4,
1953-01,-2.0,
1953-02,-2.0,
1953-03,-2.0,
1953-04,-2.1,
1953-05,-1.4,
1953-06,-1.0,
1953-07,-0.7,
1953-08,-1.0,
1953-09,-2.4,
1953-10,-2.1,
1953-11,-2.1,
1953-12,-2.4,
1954-01,-1.7,
1954-02,-1.0,
1954-03,-0.7,
1954-04,-0.3,
1954-05,0.0,
1954-06,0.0,
1954-07,0.4,
1954-08,0.0,
1954-09,1.1,
1954-10,1.4,
1954-11,1.8,
1954-12,1.8,
1955-01,1.8,
1955-02,1.4,
1955-03,1.1,
1955-04,1.1,
1955-05,0.7,
1955-06,1.1,
1955-07,2.4,
1955-08,1.4,
1955-09,1.4,
1955-10,2.1,
1955-11,1.7,
1955-12,2.1,
1956-01,1.4,
1956-02,2.4,
1956-03,3.8,
1956-04,3.8,
1956-05,3.8,
1956-06,3.5,
1956-07,2.0,
1956-08,2.8,
1956-09,3.1,
1956-10,2.0,
1956-11,2.0,
1956-12,2.0,
1957-01,2.7,
1957-02,2.0,
1957-03,0.3,
1957-04,0.7,
1957-05,1.3,
1957-06,2.0,
1957-07,2.7,
1957-08,3.0,
1957-09,2.3,
1957-10,2.7,
1957-11,2.3,
1957-12,2.0,
1958-01,3.0,
1958-02,3.0,
1958-03,3.3,
1958-04,3.0,
1958-05,4.0,
1958-06,3.6,
1958-07,1.6,
1958-08,1.0,
1958-09,0.7,
1958-10,0.7,
1958-11,1.0,
1958-12,1.0,
1959-01,0.0,
1959-02,0.0,
1959-03,0.0,
1959-04,0.0,
1959-05,-1.3,
1959-06,-0.6,
1959-07,1.0,
1959-08,1.9,
1959-09,2.6,
1959-10,1.9,
1959-11,2.6,
1959-12,2.3,
1960-01,2.3,
1960-02,1.9,
1960-03,1.9,
1960-04,2.3,
1960-05,2.9,
1960-06,1.6,
1960-07,1.3,
1960-08,1.0,
1960-09,1.0,
1960-10,1.0,
1960-11,0.3,
1960-12,0.6,
1961-01,1.9,
1961-02,2.2,
1961-03,2.2,
1961-04,1.9,
1961-05,1.9,
1961-06,2.8,
1961-07,2.5,
1961-08,2.8,
1961-09,2.5,
1961-10,2.8,
1961-11,2.8,
1961-12,3.1,
1962-01,2.5,
1962-02,2.5,
1962-03,3.1,
1962-04,3.7,
1962-05,3.1,
1962-06,3.4,
1962-07,3.7,
1962-08,2.4,
1962-09,2.8,
1962-10,2.4,
1962-11,2.4,
1962-12,2.7,
1963-01,3.1,
1963-02,3.7,
1963-03,3.3,
1963-04,3.3,
1963-05,3.0,
1963-06,2.4,
1963-07,2.1,
1963-08,2.4,
1963-09,2.7,
1963-10,3.3,
1963-11,3.3,
1963-12,3.3,
1964-01,2.7,
1964-02,2.1,
1964-03,2.1,
1964-04,1.8,
1964-05,2.1,
1964-06,2.4,
1964-07,2.7,
1964-08,3.0,
1964-09,2.7,
1964-10,2.1,
1964-11,2.3,
1964-12,2.3,
1965-01,2.0,
1965-02,1.7,
1965-03,2.3,
1965-04,2.6,
1965-05,2.9,
1965-06,3.8,
1965-07,3.7,
1965-08,3.7,
1965-09,3.7,
1965-10,4.0,
1965-11,4.0,
1965-12,4.0,
1966-01,4.0,
1966-02,4.2,
1966-03,3.9,
1966-04,4.5,
1966-05,4.2,
1966-06,3.6,
1966-07,3.3,
1966-08,3.1,
1966-09,3.1,
1966-10,2.8,
1966-11,3.0,
1966-12,2.7,
1967-01,2.7,
1967-02,2.4,
1967-03,2.4,
1967-04,1.6,
1967-05,1.9,
1967-06,1.9,
1967-07,1.9,
1967-08,1.6,
1967-09,1.6,
1967-10,1.6,
1967-11,1.1,
1967-12,0.8,
1968-01,1.6,
1968-02,1.6,
1968-03,1.3,
1968-04,1.3,
1968-05,1.1,
1968-06,1.1,
1968-07,1.1,
1968-08,1.6,
1968-09,1.6,
1968-10,1.3,
1968-11,1.8,
1968-12,2.1,
1969-01,1.3,
1969-02,1.8,
1969-03,2.1,
1969-04,2.1,
1969-05,2.1,
1969-06,2.1,
1969-07,2.1,
1969-08,2.1,
1969-09,2.1,
1969-10,2.1,
1969-11,1.6,
1969-12,2.1,
1970-01,2.8,
1970-02,2.6,
1970-03,2.8,
1970-04,3.3,
1970-05,3.3,
1970-06,3.6,
1970-07,3.6,
1970-08,3.6,
1970-09,3.6,
1970-10,4.1,
1970-11,4.1,
1970-12,4.1,
1971-01,4.0,
1971-02,4.8,
1971-03,4.7,
1971-04,4.7,
1971-05,5.0,
1971-06,5.2,
1971-07,5.7,
1971-08,5.7,
1971-09,5.9,
1971-10,5.9,
1971-11,5.6,
1971-12,5.4,
1972-01,5.8,
1972-02,5.0,
1972-03,5.2,
1972-04,5.2,
1972-05,5.0,
1972-06,4.9,
1972-07,5.1,
1972-08,5.1,
1972-09,6.1,
1972-10,5.8,
1972-11,6.5,
1972-12,6.5,
1973-01,6.2,
1973-02,6.6,
1973-03,6.5,
1973-04,6.7,
1973-05,7.6,
1973-06,7.6,
1973-07,7.3,
1973-08,7.3,
1973-09,6.2,
1973-10,6.8,
1973-11,7.4,
1973-12,7.8,
1974-01,7.5,
1974-02,7.7,
1974-03,7.2,
1974-04,7.4,
1974-05,6.9,
1974-06,6.9,
1974-07,6.8,
1974-08,7.0,
1974-09,7.2,
1974-10,7.0,
1974-11,6.5,
1974-12,5.8,
1975-01,6.0,
1975-02,5.7,
1975-03,5.9,
1975-04,6.1,
1975-05,6.3,
1975-06,6.6,
1975-07,6.2,
1975-08,5.8,
1975-09,6.2,
1975-10,5.8,
1975-11,5.1,
1975-12,5.3,
1976-01,5.3,
1976-02,5.2,
1976-03,5.2,
1976-04,4.8,
1976-05,4.4,
1976-06,3.8,
1976-07,3.6,
1976-08,4.0,
1976-09,3.6,
1976-10,3.6,
1976-11,3.8,
1976-12,3.8,
1977-01,3.9,
1977-02,3.7,
1977-03,3.7,
1977-04,3.5,
1977-05,3.7,
1977-06,4.0,
1977-07,4.0,
1977-08,3.9,
1977-09,3.9,
1977-10,3.7,
1977-11,3.5,
1977-12,3.3,
1978-01,3.1,
1978-02,3.1,
1978-03,2.9,
1978-04,3.1,
1978-05,2.9,
1978-06,2.7,
1978-07,2.7,
1978-08,2.5,
1978-09,2.2,
1978-10,2.4,
1978-11,2.5,
1978-12,2.5,
1979-01,2.8,
1979-02,2.7,
1979-03,3.2,
1979-04,3.1,
1979-05,3.1,
1979-06,3.5,
1979-07,4.3,
1979-08,4.5,
1979-09,5.1,
1979-10,5.1,
1979-11,5.4,
1979-12,5.4,
1980-01,4.9,
1980-02,6.0,
1980-03,5.8,
1980-04,5.8,
1980-05,6.2,
1980-06,5.7,
1980-07,5.2,
1980-08,5.4,
1980-09,4.9,
1980-10,4.9,
1980-11,5.0,
1980-12,5.6,
1981-01,5.9,
1981-02,5.5,
1981-03,5.8,
1981-04,5.8,
1981-05,5.7,
1981-06,6.0,
1981-07,6.5,
1981-08,6.6,
1981-09,7.0,
1981-10,7.5,
1981-11,7.3,
1981-12,6.6,
1982-01,6.7,
1982-02,5.8,
1982-03,5.0,
1982-04,5.0,
1982-05,5.1,
1982-06,5.8,
1982-07,5.4,
1982-08,4.9,
1982-09,4.9,
1982-10,4.9,
1982-11,4.4,
1982-12,4.6,
1983-01,4.1,
1983-02,4.1,
1983-03,4.1,
1983-04,4.0,
1983-05,3.4,
1983-06,2.7,
1983-07,2.9,
1983-08,3.4,
1983-09,3.2,
1983-10,2.7,
1983-11,2.8,
1983-12,2.8,
1984-01,2.5,
1984-02,2.9,
1984-03,3.0,
1984-04,2.9,
1984-05,2.9,
1984-06,2.7,
1984-07,2.2,
1984-08,1.8,
1984-09,1.7,
1984-10,2.2,
1984-11,2.1,
1984-12,1.9,
1985-01,2.2,
1985-02,2.3,
1985-03,2.6,
1985-04,2.4,
1985-05,2.3,
1985-06,2.0,
1985-07,2.2,
1985-08,2.0,
1985-09,2.0,
1985-10,1.6,
1985-11,1.5,
1985-12,1.5,
1986-01,1.4,
1986-02,0.8,
1986-03,0.0,
1986-04,0.0,
1986-05,0.0,
1986-06,0.0,
1986-07,-0.2,
1986-08,-0.4,
1986-09,-0.4,
1986-10,-0.9,
1986-11,-1.0,
1986-12,-1.0,
1987-01,-0.7,
1987-02,-0.5,
1987-03,-0.1,
1987-04,0.0,
1987-05,0.0,
1987-06,0.1,
1987-07,0.4,
1987-08,0.6,
1987-09,0.5,
1987-10,0.9,
1987-11,1.0,
1987-12,1.0,
1988-01,0.9,
1988-02,1.0,
1988-03,1.0,
1988-04,1.0,
1988-05,1.2,
1988-06,1.2,
1988-07,1.2,
1988-08,1.2,
1988-09,1.4,
1988-10,1.5,
1988-11,1.9,
1988-12,1.9,
1989-01,2.4,
1989-02,2.3,
1989-03,2.5,
1989-04,3.0,
1989-05,2.8,
1989-06,2.8,
1989-07,2.7,
1989-08,2.8,
1989-09,2.8,
1989-10,3.1,
1989-11,2.9,
1989-12,3.1,
1990-01,2.7,
1990-02,2.8,
1990-03,2.7,
1990-04,2.3,
1990-05,2.4,
1990-06,2.4,
1990-07,2.5,
1990-08,2.8,
1990-09,3.0,
1990-10,3.3,
1990-11,3.0,
1990-12,2.7,
1991-01,2.8,
1991-02,2.9,
1991-03,2.9,
1991-04,2.9,
1991-05,3.2,
1991-06,3.5,
1991-07,4.9,
1991-08,4.5,
1991-09,4.2,
1991-10,3.6,
1991-11,4.2,
1991-12,4.3,
1992-01,4.0,
1992-02,4.3,
1992-03,4.6,
1992-04,4.9,
1992-05,4.5,
1992-06,4.5,
1992-07,3.4,
1992-08,3.6,
1992-09,3.5,
1992-10,3.6,
1992-11,3.4,
1992-12,3.4,
1993-01,3.9,
1993-02,3.8,
1993-03,3.9,
1993-04,3.6,
1993-05,3.6,
1993-06,3.6,
1993-07,3.7,
1993-08,3.7,
1993-09,3.7,
1993-10,3.4,
1993-11,3.2,
1993-12,3.3,
1994-01,3.1,
1994-02,2.9,
1994-03,2.7,
1994-04,2.6,
1994-05,2.7,
1994-06,2.6,
1994-07,2.5,
1994-08,2.6,
1994-09,2.6,
1994-10,2.5,
1994-11,2.5,
1994-12,2.5,
1995-01,2.3,
1995-02,2.0,
1995-03,1.9,
1995-04,1.9,
1995-05,1.7,
1995-06,1.7,
1995-07,1.9,
1995-08,1.6,
1995-09,1.9,
1995-10,1.7,
1995-11,1.6,
1995-12,1.6,
1996-01,1.4,
1996-02,1.4,
1996-03,1.4,
1996-04,1.3,
1996-05,1.4,
1996-06,1.4,
1996-07,1.3,
1996-08,1.3,
1996-09,1.3,
1996-10,1.5,
1996-11,1.4,
1996-12,1.5,
1997-01,2.1,
1997-02,1.7,
1997-03,1.7,
1997-04,1.5,
1997-05,1.7,
1997-06,1.5,
1997-07,2.4,
1997-08,2.4,
1997-09,2.2,
1997-10,2.1,
1997-11,2.2,
1997-12,2.1,
1998-01,1.2,
1998-02,1.2,
1998-03,1.1,
1998-04,1.4,
1998-05,1.2,
1998-06,1.4,
1998-07,0.8,
1998-08,0.5,
1998-09,0.4,
1998-10,0.4,
1998-11,0.4,
1998-12,0.3,
1999-01,0.1,
1999-02,0.1,
1999-03,0.3,
1999-04,0.7,
1999-05,0.5,
1999-06,0.5,
1999-07,0.5,
1999-08,0.8,
1999-09,0.8,
1999-10,0.8,
1999-11,1.1,
1999-12,1.2,
2000-01,1.6,
2000-02,1.5,
2000-03,1.5,
2000-04,0.9,
2000-05,0.9,
2000-06,1.2,
2000-07,1.3,
2000-08,1.1,
2000-09,1.6,
2000-10,1.6,
2000-11,1.5,
2000-12,2.0,
2001-01,1.5,
2001-02,2.0,
2001-03,2.0,
2001-04,2.4,
2001-05,2.8,
2001-06,2.5,
2001-07,2.1,
2001-08,2.1,
2001-09,1.8,
2001-10,1.8,
2001-11,1.5,
2001-12,1.7,
2002-01,2.0,
2002-02,1.8,
2002-03,2.1,
2002-04,1.6,
2002-05,1.3,
2002-06,1.2,
2002-07,1.2,
2002-08,1.3,
2002-09,1.3,
2002-10,1.3,
2002-11,1.2,
2002-12,1.0,
2003-01,1.0,
2003-02,1.3,
2003-03,1.0,
2003-04,0.9,
2003-05,0.5,
2003-06,0.9,
2003-07,0.9,
2003-08,1.0,
2003-09,1.0,
2003-10,1.2,
2003-11,1.3,
2003-12,1.1,
2004-01,1.1,
2004-02,0.8,
2004-03,1.1,
2004-04,1.6,
2004-05,2.2,
2004-06,1.8,
2004-07,1.8,
2004-08,1.9,
2004-09,1.6,
2004-10,1.8,
2004-11,1.9,
2004-12,2.3,
2005-01,1.5,
2005-02,1.6,
2005-03,1.8,
2005-04,1.1,
2005-05,1.1,
2005-06,1.2,
2005-07,1.6,
2005-08,1.6,
2005-09,2.0,
2005-10,1.9,
2005-11,1.7,
2005-12,1.4,
2006-01,1.7,
2006-02,1.9,
2006-03,1.4,
2006-04,2.1,
2006-05,1.8,
2006-06,2.0,
2006-07,1.8,
2006-08,1.5,
2006-09,1.0,
2006-10,1.1,
2006-11,1.3,
2006-12,1.5,
2007-01,1.8,
2007-02,1.7,
2007-03,1.9,
2007-04,2.1,
2007-05,2.1,
2007-06,1.9,
2007-07,2.0,
2007-08,2.2,
2007-09,2.7,
2007-10,2.8,
2007-11,3.4,
2007-12,3.1,
2008-01,2.8,
2008-02,2.9,
2008-03,3.1,
2008-04,2.4,
2008-05,3.0,
2008-06,3.2,
2008-07,3.3,
2008-08,3.1,
2008-09,2.9,
2008-10,2.5,
2008-11,1.4,
2008-12,1.0,
2009-01,0.9,
2009-02,1.0,
2009-03,0.5,
2009-04,0.7,
2009-05,0.1,
2009-06,0.1,
2009-07,-0.5,
2009-08,0.1,
2009-09,-0.3,
2009-10,0.0,
2009-11,0.3,
2009-12,0.9,
2010-01,0.8,
2010-02,0.6,
2010-03,1.3,
2010-04,1.3,
2010-05,1.3,
2010-06,0.9,
2010-07,1.0,
2010-08,0.9,
2010-09,1.3,
2010-10,1.3,
2010-11,1.5,
2010-12,1.4,
2011-01,1.6,
2011-02,1.9,
2011-03,1.9,
2011-04,1.9,
2011-05,1.9,
2011-06,2.0,
2011-07,2.2,
2011-08,2.2,
2011-09,2.4,
2011-10,2.4,
2011-11,2.4,
2011-12,1.9,
2012-01,2.1,
2012-02,2.1,
2012-03,2.1,
2012-04,2.0,
2012-05,1.9,
2012-06,1.7,
2012-07,1.8,
2012-08,2.1,
2012-09,2.1,
2012-10,2.0,
2012-11,1.9,
2012-12,2.0,
2013-01,1.7,
2013-02,1.5,
2013-03,1.4,
2013-04,1.1,
2013-05,1.6,
2013-06,1.9,
2013-07,2.0,
2013-08,1.5,
2013-09,1.4,
2013-10,1.2,
2013-11,1.4,
2013-12,1.5,
2014-01,1.3,
2014-02,1.3,
2014-03,1.1,
2014-04,1.4,
2014-05,0.9,
2014-06,1.0,
2014-07,0.9,
2014-08,0.9,
2014-09,0.9,
2014-10,0.9,
2014-11,0.6,
2014-12,0.1,
2015-01,-0.2,
2015-02,0.0,
2015-03,0.3,
2015-04,0.9,
2015-05,1.2,
2015-06,1.0,
2015-07,0.8,
2015-08,0.7,
2015-09,0.6,
2015-10,0.9,
2015-11,0.2,
2015-12,0.3,
2016-01,0.5,
2016-02,0.1,
2016-03,0.2,
2016-04,-0.1,
2016-05,0.2,
2016-06,0.3,
2016-07,0.4,
2016-08,0.4,
2016-09,0.6,
2016-10,0.7,
2016-11,0.7,
2016-12,1.4,
2017-01,1.6,
2017-02,1.8,
2017-03,1.4,
2017-04,1.7,
2017-05,1.2,
2017-06,1.4,
2017-07,1.5,
2017-08,1.7,
2017-09,1.6,
2017-10,1.4,
2017-11,1.6,
2017-12,1.4,
2018-01,1.4,
2018-02,1.2,
2018-03,1.5,
2018-04,1.4,
2018-05,2.1,
2018-06,1.9,
2018-07,1.9,
2018-08,1.9,
2018-09,2.1,
2018-10,2.3,
2018-11,2.1,
2018-12,1.7,
2019-01,1.3,
2019-02,1.4,
2019-03,1.3,
2019-04,1.9,
2019-05,1.4,
2019-06,1.6,
2019-07,1.6,
2019-08,1.4,
2019-09,1.2,
2019-10,1.1,
2019-11,1.0,
2019-12,1.5,
2020-01,2.1,
2020-02,2.0,
2020-03,1.8,
2020-04,1.0,
2020-05,0.8,
2020-06,0.6,
2020-07,-0.6,
2020-08,-0.5,
2020-09,-0.5,
2020-10,-0.3,
2020-11,0.2,
2020-12,-0.2,
2021-01,1.2,
2021-02,1.5,
2021-03,1.8,
2021-04,2.0,
2021-05,2.2,
2021-06,2.4,
2021-07,3.7,
2021-08,3.8,
2021-09,4.1,
2021-10,4.4,
2021-11,4.8,
2021-12,4.9,
2022-01,4.2,
2022-02,4.3,
2022-03,5.9,
2022-04,6.3,
2022-05,7.0,
2022-06,6.7,
2022-07,6.7,
2022-08,7.0,
2022-09,8.6,
2022-10,8.8,
2022-11,8.8,
2022-12,8.1,
2023-01,8.7,
2023-02,8.7,
2023-03,7.4,
2023-04,7.2,
2023-05,6.1,
2023-06,6.4,
2023-07,6.2,
2023-08,6.1,
2023-09,4.5,
2023-10,3.8,
2023-11,3.2,
2023-12,3.7,
2024-01,2.9,
2024-02,2.5,
2024-03,2.2,
2024-04,2.2,
2024-05,2.4,
2024-06,2.2,
2024-07,2.3,
2024-08,1.9,
2024-09,1.6,
2024-10,2.0,
2024-11,2.2,
2024-12,2.6,
2025-01,2.3,
2025-02,2.3,
2025-03,2.2,
2025-04,2.1,
2025-05,2.1,
2025-06,2.0,
2025-07,2.0,
2025-08,2.2,
2025-09,2.4,
2025-10,2.3,
2025-11,2.3,
2025-12,1.8,
2026-01,2.1,
2026-02,1.9,
2026-03,2.7,
2026-04,2.9,
2026-05,2.6,
2026-06,2.3,
2026-07,2.8,
2026-08,2.9,
2026-09,3.3,Estimated value
