year,start,end_exclusive,days,quote_month,quoted_rate
1968,1968-01-01,1968-03-15,74,1967-12,0.0352
1968,1968-03-15,1968-06-15,92,1968-03,0.035
1968,1968-06-15,1968-09-15,92,1968-06,0.035
1968,1968-09-15,1968-11-15,61,1968-09,0.035
1968,1968-11-15,1969-01-01,47,1968-11,0.035
1969,1969-01-01,1969-02-15,45,1968-11,0.035
1969,1969-02-15,1969-05-15,89,1969-02,0.035
1969,1969-05-15,1969-08-15,92,1969-05,0.035
1969,1969-08-15,1969-11-15,92,1969-08,0.04
1969,1969-11-15,1970-01-01,47,1969-11,0.04
1970,1970-01-01,1970-02-15,45,1969-11,0.04
1970,1970-02-15,1970-05-15,89,1970-02,0.045
1970,1970-05-15,1970-08-15,92,1970-05,0.05
1970,1970-08-15,1970-11-15,92,1970-08,0.05
1970,1970-11-15,1971-01-01,47,1970-11,0.05
1971,1971-01-01,1971-01-15,14,1970-11,0.05
1971,1971-01-15,1971-02-15,31,1971-01,0.05
1971,1971-02-15,1971-05-15,89,1971-02,0.05
1971,1971-05-15,1971-08-15,92,1971-05,0.0453
1971,1971-08-15,1971-11-15,92,1971-08,0.0453
1971,1971-11-15,1972-01-01,47,1971-11,0.0452
1972,1972-01-01,1972-02-15,45,1971-11,0.0452
1972,1972-02-15,1972-05-15,90,1972-02,0.045
1972,1972-05-15,1972-08-15,92,1972-05,0.04019999999999999
1972,1972-08-15,1972-11-15,92,1972-08,0.0401
1972,1972-11-15,1973-01-01,47,1972-11,0.0401
1973,1973-01-01,1973-02-15,45,1972-11,0.0401
1973,1973-02-15,1973-05-15,89,1973-02,0.0451
1973,1973-05-15,1973-07-15,61,1973-05,0.0452
1973,1973-07-15,1973-08-15,31,1973-07,0.055099999999999996
1973,1973-08-15,1973-11-15,92,1973-08,0.055099999999999996
1973,1973-11-15,1974-01-01,47,1973-11,0.055099999999999996
1974,1974-01-01,1974-02-15,45,1973-11,0.055099999999999996
1974,1974-02-15,1974-05-15,89,1974-02,0.055099999999999996
1974,1974-05-15,1974-08-15,92,1974-05,0.055099999999999996
1974,1974-08-15,1974-11-15,92,1974-08,0.055099999999999996
1974,1974-11-15,1975-01-01,47,1974-11,0.055099999999999996
1975,1975-01-01,1975-02-15,45,1974-11,0.055099999999999996
1975,1975-02-15,1975-03-15,28,1975-02,0.0519
1975,1975-03-15,1975-04-15,31,1975-03,0.050300000000000004
1975,1975-04-15,1975-05-15,30,1975-04,0.0501
1975,1975-05-15,1975-06-15,31,1975-05,0.0453
1975,1975-06-15,1975-07-15,30,1975-06,0.0414
1975,1975-07-15,1975-08-15,31,1975-07,0.04019999999999999
1975,1975-08-15,1975-09-15,31,1975-08,0.0401
1975,1975-09-15,1975-10-15,30,1975-09,0.0401
1975,1975-10-15,1975-11-15,31,1975-10,0.04
1975,1975-11-15,1975-12-15,30,1975-11,0.04
1975,1975-12-15,1976-01-01,17,1975-12,0.04
