window,year,nominal,inflation,real
frequency_aware_extended,1968,0.035,0.0145833333333,0.02012320328545436
frequency_aware_extended,1969,0.037500000000000006,0.0196666666667,0.017489375612912195
frequency_aware_extended,1970,0.04875,0.0345833333333,0.013693113169585658
frequency_aware_extended,1971,0.04645,0.0521666666667,-0.005433233011278071
frequency_aware_extended,1972,0.04135,0.0551666666667,-0.01309429789925709
frequency_aware_extended,1973,0.050124999999999996,0.07,-0.018574766355140215
frequency_aware_extended,1974,0.055099999999999996,0.0699166666667,-0.013848430563158654
frequency_aware_extended,1976,0.03630833333333333,0.0425833333333,-0.0060187035408523215
frequency_aware_extended,1977,0.03133333333333333,0.0373333333333,-0.005784061696625931
frequency_aware_extended,1978,0.02550833333333333,0.0271666666667,-0.0016144734707448372
frequency_aware_extended,1979,0.03145,0.0401666666667,-0.008380067296939298
frequency_aware_extended,1980,0.046441666666666666,0.0545,-0.007641852378694414
frequency_aware_extended,1981,0.04916666666666667,0.0635,-0.013477511361855488
frequency_aware_extended,1982,0.048516666666666666,0.0520833333333,-0.0033900990098693073
frequency_aware_extended,1983,0.03260833333333333,0.0335,-0.0008627640703112727
frequency_aware_extended,1984,0.0301,0.024,0.005957031249999911
frequency_aware_extended,1985,0.02880833333333333,0.0205,0.008141433937612241
frequency_aware_extended,1986,0.025033333333333335,-0.00141666666667,0.02648752399232568
frequency_aware_extended,1987,0.021075,0.00266666666667,0.018359374999996625
frequency_aware_extended,1988,0.02008333333333333,0.0128333333333,0.00715813723880232
frequency_aware_extended,1989,0.024325,0.0276666666667,-0.003251702886830965
frequency_aware_extended,1990,0.028091666666666668,0.0271666666667,0.0009005354534803445
frequency_aware_extended,1991,0.02825,0.0365833333333,-0.00803923144944152
frequency_aware_extended,1992,0.028125,0.03975,-0.011180572252945442
frequency_aware_extended,1993,0.0254,0.0361666666667,-0.010390863760687985
frequency_aware_extended,1994,0.02095,0.0265,-0.005406721870433451
frequency_aware_extended,1995,0.020408333333333334,0.0181666666667,0.002201669667670547
frequency_aware_extended,1996,0.019925,0.0138333333333,0.006008548413644732
frequency_aware_extended,1997,0.0171,0.0196666666667,-0.0025171624714286356
frequency_aware_extended,1998,0.015608333333333333,0.00858333333333,0.006965215235894995
frequency_aware_extended,1999,0.013058333333333333,0.00616666666667,0.006849428524098089
frequency_aware_extended,2000,0.012466666666666668,0.0139166666667,-0.0014300978055725722
frequency_aware_extended,2001,0.011916666666666666,0.0201666666667,-0.008086913902989545
frequency_aware_extended,2002,0.010233333333333334,0.0144166666667,-0.004123880719658191
frequency_aware_extended,2003,0.011366666666666667,0.0100833333333,0.0012705222341722333
frequency_aware_extended,2004,0.011391666666666666,0.0165833333333,-0.005106975981605255
frequency_aware_extended,2005,0.011941666666666666,0.0154166666667,-0.0034222404596140343
frequency_aware_extended,2006,0.013600000000000001,0.0159166666667,-0.0022803707653514804
frequency_aware_extended,2007,0.017433333333333335,0.0230833333333,-0.005522521788678181
frequency_aware_extended,2008,0.019458333333333334,0.0263333333333,-0.006698603442643947
frequency_aware_extended,2009,0.010525,0.00316666666667,0.007335105499248762
frequency_aware_extended,2010,0.006941666666666666,0.0113333333333,-0.004342452208273229
frequency_aware_extended,2011,0.0077666666666666665,0.0205833333333,-0.012558177512828061
frequency_aware_extended,2012,0.006666666666666667,0.0198333333333,-0.012910606308188188
frequency_aware_extended,2013,0.003991666666666667,0.0151666666667,-0.011008044656082516
frequency_aware_extended,2014,0.002825,0.00941666666667,-0.006530174193018934
frequency_aware_extended,2015,0.0015833333333333335,0.00558333333333,-0.003977790668762804
frequency_aware_extended,2016,0.0009,0.0045,-0.003583872573419633
frequency_aware_extended,2017,0.000425,0.01525,-0.014602314700812746
frequency_aware_extended,2018,0.00019166666666666667,0.0179166666667,-0.017413016782676594
frequency_aware_extended,2019,0.00011666666666666667,0.0139166666667,-0.013610586011374548
frequency_aware_extended,2020,8.333333333333334e-06,0.00533333333333,-0.005296750663126737
frequency_aware_extended,2021,-6.666666666666667e-05,0.03066666666666667,-0.02981888745148764
frequency_aware_extended,2022,5.646886315028669e-21,0.06866666666666667,-0.06425452276980659
frequency_aware_extended,2023,0.0037166666666666667,0.06,-0.05309748427672967
frequency_aware_extended,2024,0.005816666666666667,0.0225,-0.016316218418907957
frequency_aware_extended,2025,0.004733333333333333,0.021666666666666667,-0.016574225122349184
frequency_aware_bundled_end2020,1968,0.035,0.0145833333333,0.02012320328545436
frequency_aware_bundled_end2020,1969,0.037500000000000006,0.0196666666667,0.017489375612912195
frequency_aware_bundled_end2020,1970,0.04875,0.0345833333333,0.013693113169585658
frequency_aware_bundled_end2020,1971,0.04645,0.0521666666667,-0.005433233011278071
frequency_aware_bundled_end2020,1972,0.04135,0.0551666666667,-0.01309429789925709
frequency_aware_bundled_end2020,1973,0.050124999999999996,0.07,-0.018574766355140215
frequency_aware_bundled_end2020,1974,0.055099999999999996,0.0699166666667,-0.013848430563158654
frequency_aware_bundled_end2020,1976,0.03630833333333333,0.0425833333333,-0.0060187035408523215
frequency_aware_bundled_end2020,1977,0.03133333333333333,0.0373333333333,-0.005784061696625931
frequency_aware_bundled_end2020,1978,0.02550833333333333,0.0271666666667,-0.0016144734707448372
frequency_aware_bundled_end2020,1979,0.03145,0.0401666666667,-0.008380067296939298
frequency_aware_bundled_end2020,1980,0.046441666666666666,0.0545,-0.007641852378694414
frequency_aware_bundled_end2020,1981,0.04916666666666667,0.0635,-0.013477511361855488
frequency_aware_bundled_end2020,1982,0.048516666666666666,0.0520833333333,-0.0033900990098693073
frequency_aware_bundled_end2020,1983,0.03260833333333333,0.0335,-0.0008627640703112727
frequency_aware_bundled_end2020,1984,0.0301,0.024,0.005957031249999911
frequency_aware_bundled_end2020,1985,0.02880833333333333,0.0205,0.008141433937612241
frequency_aware_bundled_end2020,1986,0.025033333333333335,-0.00141666666667,0.02648752399232568
frequency_aware_bundled_end2020,1987,0.021075,0.00266666666667,0.018359374999996625
frequency_aware_bundled_end2020,1988,0.02008333333333333,0.0128333333333,0.00715813723880232
frequency_aware_bundled_end2020,1989,0.024325,0.0276666666667,-0.003251702886830965
frequency_aware_bundled_end2020,1990,0.028091666666666668,0.0271666666667,0.0009005354534803445
frequency_aware_bundled_end2020,1991,0.02825,0.0365833333333,-0.00803923144944152
frequency_aware_bundled_end2020,1992,0.028125,0.03975,-0.011180572252945442
frequency_aware_bundled_end2020,1993,0.0254,0.0361666666667,-0.010390863760687985
frequency_aware_bundled_end2020,1994,0.02095,0.0265,-0.005406721870433451
frequency_aware_bundled_end2020,1995,0.020408333333333334,0.0181666666667,0.002201669667670547
frequency_aware_bundled_end2020,1996,0.019925,0.0138333333333,0.006008548413644732
frequency_aware_bundled_end2020,1997,0.0171,0.0196666666667,-0.0025171624714286356
frequency_aware_bundled_end2020,1998,0.015608333333333333,0.00858333333333,0.006965215235894995
frequency_aware_bundled_end2020,1999,0.013058333333333333,0.00616666666667,0.006849428524098089
frequency_aware_bundled_end2020,2000,0.012466666666666668,0.0139166666667,-0.0014300978055725722
frequency_aware_bundled_end2020,2001,0.011916666666666666,0.0201666666667,-0.008086913902989545
frequency_aware_bundled_end2020,2002,0.010233333333333334,0.0144166666667,-0.004123880719658191
frequency_aware_bundled_end2020,2003,0.011366666666666667,0.0100833333333,0.0012705222341722333
frequency_aware_bundled_end2020,2004,0.011391666666666666,0.0165833333333,-0.005106975981605255
frequency_aware_bundled_end2020,2005,0.011941666666666666,0.0154166666667,-0.0034222404596140343
frequency_aware_bundled_end2020,2006,0.013600000000000001,0.0159166666667,-0.0022803707653514804
frequency_aware_bundled_end2020,2007,0.017433333333333335,0.0230833333333,-0.005522521788678181
frequency_aware_bundled_end2020,2008,0.019458333333333334,0.0263333333333,-0.006698603442643947
frequency_aware_bundled_end2020,2009,0.010525,0.00316666666667,0.007335105499248762
frequency_aware_bundled_end2020,2010,0.006941666666666666,0.0113333333333,-0.004342452208273229
frequency_aware_bundled_end2020,2011,0.0077666666666666665,0.0205833333333,-0.012558177512828061
frequency_aware_bundled_end2020,2012,0.006666666666666667,0.0198333333333,-0.012910606308188188
frequency_aware_bundled_end2020,2013,0.003991666666666667,0.0151666666667,-0.011008044656082516
frequency_aware_bundled_end2020,2014,0.002825,0.00941666666667,-0.006530174193018934
frequency_aware_bundled_end2020,2015,0.0015833333333333335,0.00558333333333,-0.003977790668762804
frequency_aware_bundled_end2020,2016,0.0009,0.0045,-0.003583872573419633
frequency_aware_bundled_end2020,2017,0.000425,0.01525,-0.014602314700812746
frequency_aware_bundled_end2020,2018,0.00019166666666666667,0.0179166666667,-0.017413016782676594
frequency_aware_bundled_end2020,2019,0.00011666666666666667,0.0139166666667,-0.013610586011374548
frequency_aware_bundled_end2020,2020,8.333333333333334e-06,0.00533333333333,-0.005296750663126737
frequency_aware_live_revised,1968,0.035,0.014583333333333334,0.020123203285420832
frequency_aware_live_revised,1969,0.037500000000000006,0.01966666666666667,0.0174893756129455
frequency_aware_live_revised,1970,0.04875,0.034583333333333334,0.013693113169553017
frequency_aware_live_revised,1971,0.04645,0.05216666666666667,-0.005433233011246541
frequency_aware_live_revised,1972,0.04135,0.05516666666666667,-0.013094297899226004
frequency_aware_live_revised,1973,0.050124999999999996,0.07,-0.018574766355140215
frequency_aware_live_revised,1974,0.055099999999999996,0.06991666666666667,-0.013848430563128011
frequency_aware_live_revised,1976,0.03630833333333333,0.042583333333333334,-0.006018703540884074
frequency_aware_live_revised,1977,0.03133333333333333,0.037333333333333336,-0.005784061696658127
frequency_aware_live_revised,1978,0.02550833333333333,0.02716666666666667,-0.0016144734707123076
frequency_aware_live_revised,1979,0.03145,0.04016666666666667,-0.008380067296907545
frequency_aware_live_revised,1980,0.046441666666666666,0.0545,-0.007641852378694414
frequency_aware_live_revised,1981,0.04916666666666667,0.0635,-0.013477511361855488
frequency_aware_live_revised,1982,0.048516666666666666,0.052083333333333336,-0.0033900990099008377
frequency_aware_live_revised,1983,0.03260833333333333,0.0335,-0.0008627640703112727
frequency_aware_live_revised,1984,0.0301,0.024,0.005957031249999911
frequency_aware_live_revised,1985,0.02880833333333333,0.0205,0.008141433937612241
frequency_aware_live_revised,1986,0.025033333333333335,-0.001416666666666667,0.026487523992322348
frequency_aware_live_revised,1987,0.021075,0.002666666666666667,0.018359374999999956
frequency_aware_live_revised,1988,0.02008333333333333,0.012833333333333334,0.007158137238769013
frequency_aware_live_revised,1989,0.024325,0.027666666666666666,-0.0032517028867986575
frequency_aware_live_revised,1990,0.028091666666666668,0.027166666666666665,0.000900535453512985
frequency_aware_live_revised,1991,0.02825,0.036583333333333336,-0.008039231449473383
frequency_aware_live_revised,1992,0.028125,0.03975,-0.011180572252945442
frequency_aware_live_revised,1993,0.0254,0.036166666666666666,-0.010390863760656233
frequency_aware_live_revised,1994,0.02095,0.026500000000000003,-0.005406721870433451
frequency_aware_live_revised,1995,0.020408333333333334,0.018166666666666668,0.0022016696677034098
frequency_aware_live_revised,1996,0.019925,0.013833333333333333,0.006008548413611647
frequency_aware_live_revised,1997,0.0171,0.01966666666666667,-0.002517162471395995
frequency_aware_live_revised,1998,0.015608333333333333,0.008583333333333333,0.006965215235891664
frequency_aware_live_revised,1999,0.013058333333333333,0.006166666666666667,0.00684942852410142
frequency_aware_live_revised,2000,0.012466666666666668,0.013916666666666667,-0.0014300978055394875
frequency_aware_live_revised,2001,0.011916666666666666,0.020166666666666666,-0.008086913902957127
frequency_aware_live_revised,2002,0.010233333333333334,0.014416666666666668,-0.004123880719625439
frequency_aware_live_revised,2003,0.011366666666666667,0.010083333333333335,0.0012705222341391487
frequency_aware_live_revised,2004,0.011391666666666666,0.016583333333333335,-0.005106975981637896
frequency_aware_live_revised,2005,0.011941666666666666,0.015416666666666667,-0.0034222404595813938
frequency_aware_live_revised,2006,0.013600000000000001,0.015916666666666666,-0.002280370765318507
frequency_aware_live_revised,2007,0.017433333333333335,0.023083333333333334,-0.005522521788710488
frequency_aware_live_revised,2008,0.019458333333333334,0.026333333333333334,-0.006698603442676143
frequency_aware_live_revised,2009,0.010525,0.0031666666666666666,0.0073351054992520925
frequency_aware_live_revised,2010,0.006941666666666666,0.011333333333333334,-0.00434245220830598
frequency_aware_live_revised,2011,0.0077666666666666665,0.020583333333333335,-0.012558177512860369
frequency_aware_live_revised,2012,0.006666666666666667,0.019833333333333335,-0.012910606308220385
frequency_aware_live_revised,2013,0.003991666666666667,0.015166666666666667,-0.011008044656050098
frequency_aware_live_revised,2014,0.002825,0.009416666666666667,-0.006530174193015603
frequency_aware_live_revised,2015,0.0015833333333333335,0.005583333333333333,-0.003977790668766024
frequency_aware_live_revised,2016,0.0009,0.0045,-0.003583872573419633
frequency_aware_live_revised,2017,0.000425,0.01525,-0.014602314700812746
frequency_aware_live_revised,2018,0.00019166666666666667,0.017916666666666668,-0.017413016782644286
frequency_aware_live_revised,2019,0.00011666666666666667,0.013916666666666667,-0.013610586011342019
frequency_aware_live_revised,2020,8.333333333333334e-06,0.005333333333333334,-0.005296750663129957
frequency_aware_live_revised,2021,-6.666666666666667e-05,0.03066666666666667,-0.02981888745148764
frequency_aware_live_revised,2022,5.646886315028669e-21,0.06866666666666667,-0.06425452276980659
frequency_aware_live_revised,2023,0.0037166666666666667,0.06,-0.05309748427672967
frequency_aware_live_revised,2024,0.005816666666666667,0.0225,-0.016316218418907957
frequency_aware_live_revised,2025,0.004733333333333333,0.021666666666666667,-0.016574225122349184
strict_month_original_1976_2020,1976,0.03630833333333333,0.0425833333333,-0.0060187035408523215
strict_month_original_1976_2020,1977,0.03133333333333333,0.0373333333333,-0.005784061696625931
strict_month_original_1976_2020,1978,0.02550833333333333,0.0271666666667,-0.0016144734707448372
strict_month_original_1976_2020,1979,0.03145,0.0401666666667,-0.008380067296939298
strict_month_original_1976_2020,1980,0.046441666666666666,0.0545,-0.007641852378694414
strict_month_original_1976_2020,1981,0.04916666666666667,0.0635,-0.013477511361855488
strict_month_original_1976_2020,1982,0.048516666666666666,0.0520833333333,-0.0033900990098693073
strict_month_original_1976_2020,1983,0.03260833333333333,0.0335,-0.0008627640703112727
strict_month_original_1976_2020,1984,0.0301,0.024,0.005957031249999911
strict_month_original_1976_2020,1985,0.02880833333333333,0.0205,0.008141433937612241
strict_month_original_1976_2020,1986,0.025033333333333335,-0.00141666666667,0.02648752399232568
strict_month_original_1976_2020,1987,0.021075,0.00266666666667,0.018359374999996625
strict_month_original_1976_2020,1988,0.02008333333333333,0.0128333333333,0.00715813723880232
strict_month_original_1976_2020,1989,0.024325,0.0276666666667,-0.003251702886830965
strict_month_original_1976_2020,1990,0.028091666666666668,0.0271666666667,0.0009005354534803445
strict_month_original_1976_2020,1991,0.02825,0.0365833333333,-0.00803923144944152
strict_month_original_1976_2020,1992,0.028125,0.03975,-0.011180572252945442
strict_month_original_1976_2020,1993,0.0254,0.0361666666667,-0.010390863760687985
strict_month_original_1976_2020,1994,0.02095,0.0265,-0.005406721870433451
strict_month_original_1976_2020,1995,0.020408333333333334,0.0181666666667,0.002201669667670547
strict_month_original_1976_2020,1996,0.019925,0.0138333333333,0.006008548413644732
strict_month_original_1976_2020,1997,0.0171,0.0196666666667,-0.0025171624714286356
strict_month_original_1976_2020,1998,0.015608333333333333,0.00858333333333,0.006965215235894995
strict_month_original_1976_2020,1999,0.013058333333333333,0.00616666666667,0.006849428524098089
strict_month_original_1976_2020,2000,0.012466666666666668,0.0139166666667,-0.0014300978055725722
strict_month_original_1976_2020,2001,0.011916666666666666,0.0201666666667,-0.008086913902989545
strict_month_original_1976_2020,2002,0.010233333333333334,0.0144166666667,-0.004123880719658191
strict_month_original_1976_2020,2003,0.011366666666666667,0.0100833333333,0.0012705222341722333
strict_month_original_1976_2020,2004,0.011391666666666666,0.0165833333333,-0.005106975981605255
strict_month_original_1976_2020,2005,0.011941666666666666,0.0154166666667,-0.0034222404596140343
strict_month_original_1976_2020,2006,0.013600000000000001,0.0159166666667,-0.0022803707653514804
strict_month_original_1976_2020,2007,0.017433333333333335,0.0230833333333,-0.005522521788678181
strict_month_original_1976_2020,2008,0.019458333333333334,0.0263333333333,-0.006698603442643947
strict_month_original_1976_2020,2009,0.010525,0.00316666666667,0.007335105499248762
strict_month_original_1976_2020,2010,0.006941666666666666,0.0113333333333,-0.004342452208273229
strict_month_original_1976_2020,2011,0.0077666666666666665,0.0205833333333,-0.012558177512828061
strict_month_original_1976_2020,2012,0.006666666666666667,0.0198333333333,-0.012910606308188188
strict_month_original_1976_2020,2013,0.003991666666666667,0.0151666666667,-0.011008044656082516
strict_month_original_1976_2020,2014,0.002825,0.00941666666667,-0.006530174193018934
strict_month_original_1976_2020,2015,0.0015833333333333335,0.00558333333333,-0.003977790668762804
strict_month_original_1976_2020,2016,0.0009,0.0045,-0.003583872573419633
strict_month_original_1976_2020,2017,0.000425,0.01525,-0.014602314700812746
strict_month_original_1976_2020,2018,0.00019166666666666667,0.0179166666667,-0.017413016782676594
strict_month_original_1976_2020,2019,0.00011666666666666667,0.0139166666667,-0.013610586011374548
strict_month_original_1976_2020,2020,8.333333333333334e-06,0.00533333333333,-0.005296750663126737
strict_month_extended,1976,0.03630833333333333,0.0425833333333,-0.0060187035408523215
strict_month_extended,1977,0.03133333333333333,0.0373333333333,-0.005784061696625931
strict_month_extended,1978,0.02550833333333333,0.0271666666667,-0.0016144734707448372
strict_month_extended,1979,0.03145,0.0401666666667,-0.008380067296939298
strict_month_extended,1980,0.046441666666666666,0.0545,-0.007641852378694414
strict_month_extended,1981,0.04916666666666667,0.0635,-0.013477511361855488
strict_month_extended,1982,0.048516666666666666,0.0520833333333,-0.0033900990098693073
strict_month_extended,1983,0.03260833333333333,0.0335,-0.0008627640703112727
strict_month_extended,1984,0.0301,0.024,0.005957031249999911
strict_month_extended,1985,0.02880833333333333,0.0205,0.008141433937612241
strict_month_extended,1986,0.025033333333333335,-0.00141666666667,0.02648752399232568
strict_month_extended,1987,0.021075,0.00266666666667,0.018359374999996625
strict_month_extended,1988,0.02008333333333333,0.0128333333333,0.00715813723880232
strict_month_extended,1989,0.024325,0.0276666666667,-0.003251702886830965
strict_month_extended,1990,0.028091666666666668,0.0271666666667,0.0009005354534803445
strict_month_extended,1991,0.02825,0.0365833333333,-0.00803923144944152
strict_month_extended,1992,0.028125,0.03975,-0.011180572252945442
strict_month_extended,1993,0.0254,0.0361666666667,-0.010390863760687985
strict_month_extended,1994,0.02095,0.0265,-0.005406721870433451
strict_month_extended,1995,0.020408333333333334,0.0181666666667,0.002201669667670547
strict_month_extended,1996,0.019925,0.0138333333333,0.006008548413644732
strict_month_extended,1997,0.0171,0.0196666666667,-0.0025171624714286356
strict_month_extended,1998,0.015608333333333333,0.00858333333333,0.006965215235894995
strict_month_extended,1999,0.013058333333333333,0.00616666666667,0.006849428524098089
strict_month_extended,2000,0.012466666666666668,0.0139166666667,-0.0014300978055725722
strict_month_extended,2001,0.011916666666666666,0.0201666666667,-0.008086913902989545
strict_month_extended,2002,0.010233333333333334,0.0144166666667,-0.004123880719658191
strict_month_extended,2003,0.011366666666666667,0.0100833333333,0.0012705222341722333
strict_month_extended,2004,0.011391666666666666,0.0165833333333,-0.005106975981605255
strict_month_extended,2005,0.011941666666666666,0.0154166666667,-0.0034222404596140343
strict_month_extended,2006,0.013600000000000001,0.0159166666667,-0.0022803707653514804
strict_month_extended,2007,0.017433333333333335,0.0230833333333,-0.005522521788678181
strict_month_extended,2008,0.019458333333333334,0.0263333333333,-0.006698603442643947
strict_month_extended,2009,0.010525,0.00316666666667,0.007335105499248762
strict_month_extended,2010,0.006941666666666666,0.0113333333333,-0.004342452208273229
strict_month_extended,2011,0.0077666666666666665,0.0205833333333,-0.012558177512828061
strict_month_extended,2012,0.006666666666666667,0.0198333333333,-0.012910606308188188
strict_month_extended,2013,0.003991666666666667,0.0151666666667,-0.011008044656082516
strict_month_extended,2014,0.002825,0.00941666666667,-0.006530174193018934
strict_month_extended,2015,0.0015833333333333335,0.00558333333333,-0.003977790668762804
strict_month_extended,2016,0.0009,0.0045,-0.003583872573419633
strict_month_extended,2017,0.000425,0.01525,-0.014602314700812746
strict_month_extended,2018,0.00019166666666666667,0.0179166666667,-0.017413016782676594
strict_month_extended,2019,0.00011666666666666667,0.0139166666667,-0.013610586011374548
strict_month_extended,2020,8.333333333333334e-06,0.00533333333333,-0.005296750663126737
strict_month_extended,2021,-6.666666666666667e-05,0.03066666666666667,-0.02981888745148764
strict_month_extended,2022,5.646886315028669e-21,0.06866666666666667,-0.06425452276980659
strict_month_extended,2023,0.0037166666666666667,0.06,-0.05309748427672967
strict_month_extended,2024,0.005816666666666667,0.0225,-0.016316218418907957
strict_month_extended,2025,0.004733333333333333,0.021666666666666667,-0.016574225122349184
modern_only_2003_latest,2003,0.011366666666666667,0.0100833333333,0.0012705222341722333
modern_only_2003_latest,2004,0.011391666666666666,0.0165833333333,-0.005106975981605255
modern_only_2003_latest,2005,0.011941666666666666,0.0154166666667,-0.0034222404596140343
modern_only_2003_latest,2006,0.013600000000000001,0.0159166666667,-0.0022803707653514804
modern_only_2003_latest,2007,0.017433333333333335,0.0230833333333,-0.005522521788678181
modern_only_2003_latest,2008,0.019458333333333334,0.0263333333333,-0.006698603442643947
modern_only_2003_latest,2009,0.010525,0.00316666666667,0.007335105499248762
modern_only_2003_latest,2010,0.006941666666666666,0.0113333333333,-0.004342452208273229
modern_only_2003_latest,2011,0.0077666666666666665,0.0205833333333,-0.012558177512828061
modern_only_2003_latest,2012,0.006666666666666667,0.0198333333333,-0.012910606308188188
modern_only_2003_latest,2013,0.003991666666666667,0.0151666666667,-0.011008044656082516
modern_only_2003_latest,2014,0.002825,0.00941666666667,-0.006530174193018934
modern_only_2003_latest,2015,0.0015833333333333335,0.00558333333333,-0.003977790668762804
modern_only_2003_latest,2016,0.0009,0.0045,-0.003583872573419633
modern_only_2003_latest,2017,0.000425,0.01525,-0.014602314700812746
modern_only_2003_latest,2018,0.00019166666666666667,0.0179166666667,-0.017413016782676594
modern_only_2003_latest,2019,0.00011666666666666667,0.0139166666667,-0.013610586011374548
modern_only_2003_latest,2020,8.333333333333334e-06,0.00533333333333,-0.005296750663126737
modern_only_2003_latest,2021,-6.666666666666667e-05,0.03066666666666667,-0.02981888745148764
modern_only_2003_latest,2022,5.646886315028669e-21,0.06866666666666667,-0.06425452276980659
modern_only_2003_latest,2023,0.0037166666666666667,0.06,-0.05309748427672967
modern_only_2003_latest,2024,0.005816666666666667,0.0225,-0.016316218418907957
modern_only_2003_latest,2025,0.004733333333333333,0.021666666666666667,-0.016574225122349184
modern_only_2003_2020,2003,0.011366666666666667,0.0100833333333,0.0012705222341722333
modern_only_2003_2020,2004,0.011391666666666666,0.0165833333333,-0.005106975981605255
modern_only_2003_2020,2005,0.011941666666666666,0.0154166666667,-0.0034222404596140343
modern_only_2003_2020,2006,0.013600000000000001,0.0159166666667,-0.0022803707653514804
modern_only_2003_2020,2007,0.017433333333333335,0.0230833333333,-0.005522521788678181
modern_only_2003_2020,2008,0.019458333333333334,0.0263333333333,-0.006698603442643947
modern_only_2003_2020,2009,0.010525,0.00316666666667,0.007335105499248762
modern_only_2003_2020,2010,0.006941666666666666,0.0113333333333,-0.004342452208273229
modern_only_2003_2020,2011,0.0077666666666666665,0.0205833333333,-0.012558177512828061
modern_only_2003_2020,2012,0.006666666666666667,0.0198333333333,-0.012910606308188188
modern_only_2003_2020,2013,0.003991666666666667,0.0151666666667,-0.011008044656082516
modern_only_2003_2020,2014,0.002825,0.00941666666667,-0.006530174193018934
modern_only_2003_2020,2015,0.0015833333333333335,0.00558333333333,-0.003977790668762804
modern_only_2003_2020,2016,0.0009,0.0045,-0.003583872573419633
modern_only_2003_2020,2017,0.000425,0.01525,-0.014602314700812746
modern_only_2003_2020,2018,0.00019166666666666667,0.0179166666667,-0.017413016782676594
modern_only_2003_2020,2019,0.00011666666666666667,0.0139166666667,-0.013610586011374548
modern_only_2003_2020,2020,8.333333333333334e-06,0.00533333333333,-0.005296750663126737
early_carry_including1975_extended,1968,0.035040437158469946,0.0145833333333,0.020163059211667056
early_carry_including1975_extended,1969,0.0369041095890411,0.0196666666667,0.01690497834815985
early_carry_including1975_extended,1970,0.04754794520547946,0.0345833333333,0.012531239828123875
early_carry_including1975_extended,1971,0.04701260273972603,0.0521666666667,-0.004898524245500302
early_carry_including1975_extended,1972,0.04195710382513661,0.0551666666667,-0.01251893493119216
early_carry_including1975_extended,1973,0.049157808219178076,0.07,-0.019478683907310224
early_carry_including1975_extended,1974,0.055099999999999996,0.0699166666667,-0.013848430563158654
early_carry_including1975_extended,1975,0.04507835616438357,0.0591666666667,-0.013301315973862415
early_carry_including1975_extended,1976,0.03630833333333333,0.0425833333333,-0.0060187035408523215
early_carry_including1975_extended,1977,0.03133333333333333,0.0373333333333,-0.005784061696625931
early_carry_including1975_extended,1978,0.02550833333333333,0.0271666666667,-0.0016144734707448372
early_carry_including1975_extended,1979,0.03145,0.0401666666667,-0.008380067296939298
early_carry_including1975_extended,1980,0.046441666666666666,0.0545,-0.007641852378694414
early_carry_including1975_extended,1981,0.04916666666666667,0.0635,-0.013477511361855488
early_carry_including1975_extended,1982,0.048516666666666666,0.0520833333333,-0.0033900990098693073
early_carry_including1975_extended,1983,0.03260833333333333,0.0335,-0.0008627640703112727
early_carry_including1975_extended,1984,0.0301,0.024,0.005957031249999911
early_carry_including1975_extended,1985,0.02880833333333333,0.0205,0.008141433937612241
early_carry_including1975_extended,1986,0.025033333333333335,-0.00141666666667,0.02648752399232568
early_carry_including1975_extended,1987,0.021075,0.00266666666667,0.018359374999996625
early_carry_including1975_extended,1988,0.02008333333333333,0.0128333333333,0.00715813723880232
early_carry_including1975_extended,1989,0.024325,0.0276666666667,-0.003251702886830965
early_carry_including1975_extended,1990,0.028091666666666668,0.0271666666667,0.0009005354534803445
early_carry_including1975_extended,1991,0.02825,0.0365833333333,-0.00803923144944152
early_carry_including1975_extended,1992,0.028125,0.03975,-0.011180572252945442
early_carry_including1975_extended,1993,0.0254,0.0361666666667,-0.010390863760687985
early_carry_including1975_extended,1994,0.02095,0.0265,-0.005406721870433451
early_carry_including1975_extended,1995,0.020408333333333334,0.0181666666667,0.002201669667670547
early_carry_including1975_extended,1996,0.019925,0.0138333333333,0.006008548413644732
early_carry_including1975_extended,1997,0.0171,0.0196666666667,-0.0025171624714286356
early_carry_including1975_extended,1998,0.015608333333333333,0.00858333333333,0.006965215235894995
early_carry_including1975_extended,1999,0.013058333333333333,0.00616666666667,0.006849428524098089
early_carry_including1975_extended,2000,0.012466666666666668,0.0139166666667,-0.0014300978055725722
early_carry_including1975_extended,2001,0.011916666666666666,0.0201666666667,-0.008086913902989545
early_carry_including1975_extended,2002,0.010233333333333334,0.0144166666667,-0.004123880719658191
early_carry_including1975_extended,2003,0.011366666666666667,0.0100833333333,0.0012705222341722333
early_carry_including1975_extended,2004,0.011391666666666666,0.0165833333333,-0.005106975981605255
early_carry_including1975_extended,2005,0.011941666666666666,0.0154166666667,-0.0034222404596140343
early_carry_including1975_extended,2006,0.013600000000000001,0.0159166666667,-0.0022803707653514804
early_carry_including1975_extended,2007,0.017433333333333335,0.0230833333333,-0.005522521788678181
early_carry_including1975_extended,2008,0.019458333333333334,0.0263333333333,-0.006698603442643947
early_carry_including1975_extended,2009,0.010525,0.00316666666667,0.007335105499248762
early_carry_including1975_extended,2010,0.006941666666666666,0.0113333333333,-0.004342452208273229
early_carry_including1975_extended,2011,0.0077666666666666665,0.0205833333333,-0.012558177512828061
early_carry_including1975_extended,2012,0.006666666666666667,0.0198333333333,-0.012910606308188188
early_carry_including1975_extended,2013,0.003991666666666667,0.0151666666667,-0.011008044656082516
early_carry_including1975_extended,2014,0.002825,0.00941666666667,-0.006530174193018934
early_carry_including1975_extended,2015,0.0015833333333333335,0.00558333333333,-0.003977790668762804
early_carry_including1975_extended,2016,0.0009,0.0045,-0.003583872573419633
early_carry_including1975_extended,2017,0.000425,0.01525,-0.014602314700812746
early_carry_including1975_extended,2018,0.00019166666666666667,0.0179166666667,-0.017413016782676594
early_carry_including1975_extended,2019,0.00011666666666666667,0.0139166666667,-0.013610586011374548
early_carry_including1975_extended,2020,8.333333333333334e-06,0.00533333333333,-0.005296750663126737
early_carry_including1975_extended,2021,-6.666666666666667e-05,0.03066666666666667,-0.02981888745148764
early_carry_including1975_extended,2022,5.646886315028669e-21,0.06866666666666667,-0.06425452276980659
early_carry_including1975_extended,2023,0.0037166666666666667,0.06,-0.05309748427672967
early_carry_including1975_extended,2024,0.005816666666666667,0.0225,-0.016316218418907957
early_carry_including1975_extended,2025,0.004733333333333333,0.021666666666666667,-0.016574225122349184
1975_available_11_month_mean,1968,0.035,0.0145833333333,0.02012320328545436
1975_available_11_month_mean,1969,0.037500000000000006,0.0196666666667,0.017489375612912195
1975_available_11_month_mean,1970,0.04875,0.0345833333333,0.013693113169585658
1975_available_11_month_mean,1971,0.04645,0.0521666666667,-0.005433233011278071
1975_available_11_month_mean,1972,0.04135,0.0551666666667,-0.01309429789925709
1975_available_11_month_mean,1973,0.050124999999999996,0.07,-0.018574766355140215
1975_available_11_month_mean,1974,0.055099999999999996,0.0699166666667,-0.013848430563158654
1975_available_11_month_mean,1975,0.04358181818181818,0.0591666666667,-0.014714255060470083
1975_available_11_month_mean,1976,0.03630833333333333,0.0425833333333,-0.0060187035408523215
1975_available_11_month_mean,1977,0.03133333333333333,0.0373333333333,-0.005784061696625931
1975_available_11_month_mean,1978,0.02550833333333333,0.0271666666667,-0.0016144734707448372
1975_available_11_month_mean,1979,0.03145,0.0401666666667,-0.008380067296939298
1975_available_11_month_mean,1980,0.046441666666666666,0.0545,-0.007641852378694414
1975_available_11_month_mean,1981,0.04916666666666667,0.0635,-0.013477511361855488
1975_available_11_month_mean,1982,0.048516666666666666,0.0520833333333,-0.0033900990098693073
1975_available_11_month_mean,1983,0.03260833333333333,0.0335,-0.0008627640703112727
1975_available_11_month_mean,1984,0.0301,0.024,0.005957031249999911
1975_available_11_month_mean,1985,0.02880833333333333,0.0205,0.008141433937612241
1975_available_11_month_mean,1986,0.025033333333333335,-0.00141666666667,0.02648752399232568
1975_available_11_month_mean,1987,0.021075,0.00266666666667,0.018359374999996625
1975_available_11_month_mean,1988,0.02008333333333333,0.0128333333333,0.00715813723880232
1975_available_11_month_mean,1989,0.024325,0.0276666666667,-0.003251702886830965
1975_available_11_month_mean,1990,0.028091666666666668,0.0271666666667,0.0009005354534803445
1975_available_11_month_mean,1991,0.02825,0.0365833333333,-0.00803923144944152
1975_available_11_month_mean,1992,0.028125,0.03975,-0.011180572252945442
1975_available_11_month_mean,1993,0.0254,0.0361666666667,-0.010390863760687985
1975_available_11_month_mean,1994,0.02095,0.0265,-0.005406721870433451
1975_available_11_month_mean,1995,0.020408333333333334,0.0181666666667,0.002201669667670547
1975_available_11_month_mean,1996,0.019925,0.0138333333333,0.006008548413644732
1975_available_11_month_mean,1997,0.0171,0.0196666666667,-0.0025171624714286356
1975_available_11_month_mean,1998,0.015608333333333333,0.00858333333333,0.006965215235894995
1975_available_11_month_mean,1999,0.013058333333333333,0.00616666666667,0.006849428524098089
1975_available_11_month_mean,2000,0.012466666666666668,0.0139166666667,-0.0014300978055725722
1975_available_11_month_mean,2001,0.011916666666666666,0.0201666666667,-0.008086913902989545
1975_available_11_month_mean,2002,0.010233333333333334,0.0144166666667,-0.004123880719658191
1975_available_11_month_mean,2003,0.011366666666666667,0.0100833333333,0.0012705222341722333
1975_available_11_month_mean,2004,0.011391666666666666,0.0165833333333,-0.005106975981605255
1975_available_11_month_mean,2005,0.011941666666666666,0.0154166666667,-0.0034222404596140343
1975_available_11_month_mean,2006,0.013600000000000001,0.0159166666667,-0.0022803707653514804
1975_available_11_month_mean,2007,0.017433333333333335,0.0230833333333,-0.005522521788678181
1975_available_11_month_mean,2008,0.019458333333333334,0.0263333333333,-0.006698603442643947
1975_available_11_month_mean,2009,0.010525,0.00316666666667,0.007335105499248762
1975_available_11_month_mean,2010,0.006941666666666666,0.0113333333333,-0.004342452208273229
1975_available_11_month_mean,2011,0.0077666666666666665,0.0205833333333,-0.012558177512828061
1975_available_11_month_mean,2012,0.006666666666666667,0.0198333333333,-0.012910606308188188
1975_available_11_month_mean,2013,0.003991666666666667,0.0151666666667,-0.011008044656082516
1975_available_11_month_mean,2014,0.002825,0.00941666666667,-0.006530174193018934
1975_available_11_month_mean,2015,0.0015833333333333335,0.00558333333333,-0.003977790668762804
1975_available_11_month_mean,2016,0.0009,0.0045,-0.003583872573419633
1975_available_11_month_mean,2017,0.000425,0.01525,-0.014602314700812746
1975_available_11_month_mean,2018,0.00019166666666666667,0.0179166666667,-0.017413016782676594
1975_available_11_month_mean,2019,0.00011666666666666667,0.0139166666667,-0.013610586011374548
1975_available_11_month_mean,2020,8.333333333333334e-06,0.00533333333333,-0.005296750663126737
1975_available_11_month_mean,2021,-6.666666666666667e-05,0.03066666666666667,-0.02981888745148764
1975_available_11_month_mean,2022,5.646886315028669e-21,0.06866666666666667,-0.06425452276980659
1975_available_11_month_mean,2023,0.0037166666666666667,0.06,-0.05309748427672967
1975_available_11_month_mean,2024,0.005816666666666667,0.0225,-0.016316218418907957
1975_available_11_month_mean,2025,0.004733333333333333,0.021666666666666667,-0.016574225122349184
1975_jan_prior_nov_quote,1968,0.035,0.0145833333333,0.02012320328545436
1975_jan_prior_nov_quote,1969,0.037500000000000006,0.0196666666667,0.017489375612912195
1975_jan_prior_nov_quote,1970,0.04875,0.0345833333333,0.013693113169585658
1975_jan_prior_nov_quote,1971,0.04645,0.0521666666667,-0.005433233011278071
1975_jan_prior_nov_quote,1972,0.04135,0.0551666666667,-0.01309429789925709
1975_jan_prior_nov_quote,1973,0.050124999999999996,0.07,-0.018574766355140215
1975_jan_prior_nov_quote,1974,0.055099999999999996,0.0699166666667,-0.013848430563158654
1975_jan_prior_nov_quote,1975,0.04454166666666667,0.0591666666667,-0.013808025177056926
1975_jan_prior_nov_quote,1976,0.03630833333333333,0.0425833333333,-0.0060187035408523215
1975_jan_prior_nov_quote,1977,0.03133333333333333,0.0373333333333,-0.005784061696625931
1975_jan_prior_nov_quote,1978,0.02550833333333333,0.0271666666667,-0.0016144734707448372
1975_jan_prior_nov_quote,1979,0.03145,0.0401666666667,-0.008380067296939298
1975_jan_prior_nov_quote,1980,0.046441666666666666,0.0545,-0.007641852378694414
1975_jan_prior_nov_quote,1981,0.04916666666666667,0.0635,-0.013477511361855488
1975_jan_prior_nov_quote,1982,0.048516666666666666,0.0520833333333,-0.0033900990098693073
1975_jan_prior_nov_quote,1983,0.03260833333333333,0.0335,-0.0008627640703112727
1975_jan_prior_nov_quote,1984,0.0301,0.024,0.005957031249999911
1975_jan_prior_nov_quote,1985,0.02880833333333333,0.0205,0.008141433937612241
1975_jan_prior_nov_quote,1986,0.025033333333333335,-0.00141666666667,0.02648752399232568
1975_jan_prior_nov_quote,1987,0.021075,0.00266666666667,0.018359374999996625
1975_jan_prior_nov_quote,1988,0.02008333333333333,0.0128333333333,0.00715813723880232
1975_jan_prior_nov_quote,1989,0.024325,0.0276666666667,-0.003251702886830965
1975_jan_prior_nov_quote,1990,0.028091666666666668,0.0271666666667,0.0009005354534803445
1975_jan_prior_nov_quote,1991,0.02825,0.0365833333333,-0.00803923144944152
1975_jan_prior_nov_quote,1992,0.028125,0.03975,-0.011180572252945442
1975_jan_prior_nov_quote,1993,0.0254,0.0361666666667,-0.010390863760687985
1975_jan_prior_nov_quote,1994,0.02095,0.0265,-0.005406721870433451
1975_jan_prior_nov_quote,1995,0.020408333333333334,0.0181666666667,0.002201669667670547
1975_jan_prior_nov_quote,1996,0.019925,0.0138333333333,0.006008548413644732
1975_jan_prior_nov_quote,1997,0.0171,0.0196666666667,-0.0025171624714286356
1975_jan_prior_nov_quote,1998,0.015608333333333333,0.00858333333333,0.006965215235894995
1975_jan_prior_nov_quote,1999,0.013058333333333333,0.00616666666667,0.006849428524098089
1975_jan_prior_nov_quote,2000,0.012466666666666668,0.0139166666667,-0.0014300978055725722
1975_jan_prior_nov_quote,2001,0.011916666666666666,0.0201666666667,-0.008086913902989545
1975_jan_prior_nov_quote,2002,0.010233333333333334,0.0144166666667,-0.004123880719658191
1975_jan_prior_nov_quote,2003,0.011366666666666667,0.0100833333333,0.0012705222341722333
1975_jan_prior_nov_quote,2004,0.011391666666666666,0.0165833333333,-0.005106975981605255
1975_jan_prior_nov_quote,2005,0.011941666666666666,0.0154166666667,-0.0034222404596140343
1975_jan_prior_nov_quote,2006,0.013600000000000001,0.0159166666667,-0.0022803707653514804
1975_jan_prior_nov_quote,2007,0.017433333333333335,0.0230833333333,-0.005522521788678181
1975_jan_prior_nov_quote,2008,0.019458333333333334,0.0263333333333,-0.006698603442643947
1975_jan_prior_nov_quote,2009,0.010525,0.00316666666667,0.007335105499248762
1975_jan_prior_nov_quote,2010,0.006941666666666666,0.0113333333333,-0.004342452208273229
1975_jan_prior_nov_quote,2011,0.0077666666666666665,0.0205833333333,-0.012558177512828061
1975_jan_prior_nov_quote,2012,0.006666666666666667,0.0198333333333,-0.012910606308188188
1975_jan_prior_nov_quote,2013,0.003991666666666667,0.0151666666667,-0.011008044656082516
1975_jan_prior_nov_quote,2014,0.002825,0.00941666666667,-0.006530174193018934
1975_jan_prior_nov_quote,2015,0.0015833333333333335,0.00558333333333,-0.003977790668762804
1975_jan_prior_nov_quote,2016,0.0009,0.0045,-0.003583872573419633
1975_jan_prior_nov_quote,2017,0.000425,0.01525,-0.014602314700812746
1975_jan_prior_nov_quote,2018,0.00019166666666666667,0.0179166666667,-0.017413016782676594
1975_jan_prior_nov_quote,2019,0.00011666666666666667,0.0139166666667,-0.013610586011374548
1975_jan_prior_nov_quote,2020,8.333333333333334e-06,0.00533333333333,-0.005296750663126737
1975_jan_prior_nov_quote,2021,-6.666666666666667e-05,0.03066666666666667,-0.02981888745148764
1975_jan_prior_nov_quote,2022,5.646886315028669e-21,0.06866666666666667,-0.06425452276980659
1975_jan_prior_nov_quote,2023,0.0037166666666666667,0.06,-0.05309748427672967
1975_jan_prior_nov_quote,2024,0.005816666666666667,0.0225,-0.016316218418907957
1975_jan_prior_nov_quote,2025,0.004733333333333333,0.021666666666666667,-0.016574225122349184
1975_jan_first_feb_quote,1968,0.035,0.0145833333333,0.02012320328545436
1975_jan_first_feb_quote,1969,0.037500000000000006,0.0196666666667,0.017489375612912195
1975_jan_first_feb_quote,1970,0.04875,0.0345833333333,0.013693113169585658
1975_jan_first_feb_quote,1971,0.04645,0.0521666666667,-0.005433233011278071
1975_jan_first_feb_quote,1972,0.04135,0.0551666666667,-0.01309429789925709
1975_jan_first_feb_quote,1973,0.050124999999999996,0.07,-0.018574766355140215
1975_jan_first_feb_quote,1974,0.055099999999999996,0.0699166666667,-0.013848430563158654
1975_jan_first_feb_quote,1975,0.044275,0.0591666666667,-0.014059795436694889
1975_jan_first_feb_quote,1976,0.03630833333333333,0.0425833333333,-0.0060187035408523215
1975_jan_first_feb_quote,1977,0.03133333333333333,0.0373333333333,-0.005784061696625931
1975_jan_first_feb_quote,1978,0.02550833333333333,0.0271666666667,-0.0016144734707448372
1975_jan_first_feb_quote,1979,0.03145,0.0401666666667,-0.008380067296939298
1975_jan_first_feb_quote,1980,0.046441666666666666,0.0545,-0.007641852378694414
1975_jan_first_feb_quote,1981,0.04916666666666667,0.0635,-0.013477511361855488
1975_jan_first_feb_quote,1982,0.048516666666666666,0.0520833333333,-0.0033900990098693073
1975_jan_first_feb_quote,1983,0.03260833333333333,0.0335,-0.0008627640703112727
1975_jan_first_feb_quote,1984,0.0301,0.024,0.005957031249999911
1975_jan_first_feb_quote,1985,0.02880833333333333,0.0205,0.008141433937612241
1975_jan_first_feb_quote,1986,0.025033333333333335,-0.00141666666667,0.02648752399232568
1975_jan_first_feb_quote,1987,0.021075,0.00266666666667,0.018359374999996625
1975_jan_first_feb_quote,1988,0.02008333333333333,0.0128333333333,0.00715813723880232
1975_jan_first_feb_quote,1989,0.024325,0.0276666666667,-0.003251702886830965
1975_jan_first_feb_quote,1990,0.028091666666666668,0.0271666666667,0.0009005354534803445
1975_jan_first_feb_quote,1991,0.02825,0.0365833333333,-0.00803923144944152
1975_jan_first_feb_quote,1992,0.028125,0.03975,-0.011180572252945442
1975_jan_first_feb_quote,1993,0.0254,0.0361666666667,-0.010390863760687985
1975_jan_first_feb_quote,1994,0.02095,0.0265,-0.005406721870433451
1975_jan_first_feb_quote,1995,0.020408333333333334,0.0181666666667,0.002201669667670547
1975_jan_first_feb_quote,1996,0.019925,0.0138333333333,0.006008548413644732
1975_jan_first_feb_quote,1997,0.0171,0.0196666666667,-0.0025171624714286356
1975_jan_first_feb_quote,1998,0.015608333333333333,0.00858333333333,0.006965215235894995
1975_jan_first_feb_quote,1999,0.013058333333333333,0.00616666666667,0.006849428524098089
1975_jan_first_feb_quote,2000,0.012466666666666668,0.0139166666667,-0.0014300978055725722
1975_jan_first_feb_quote,2001,0.011916666666666666,0.0201666666667,-0.008086913902989545
1975_jan_first_feb_quote,2002,0.010233333333333334,0.0144166666667,-0.004123880719658191
1975_jan_first_feb_quote,2003,0.011366666666666667,0.0100833333333,0.0012705222341722333
1975_jan_first_feb_quote,2004,0.011391666666666666,0.0165833333333,-0.005106975981605255
1975_jan_first_feb_quote,2005,0.011941666666666666,0.0154166666667,-0.0034222404596140343
1975_jan_first_feb_quote,2006,0.013600000000000001,0.0159166666667,-0.0022803707653514804
1975_jan_first_feb_quote,2007,0.017433333333333335,0.0230833333333,-0.005522521788678181
1975_jan_first_feb_quote,2008,0.019458333333333334,0.0263333333333,-0.006698603442643947
1975_jan_first_feb_quote,2009,0.010525,0.00316666666667,0.007335105499248762
1975_jan_first_feb_quote,2010,0.006941666666666666,0.0113333333333,-0.004342452208273229
1975_jan_first_feb_quote,2011,0.0077666666666666665,0.0205833333333,-0.012558177512828061
1975_jan_first_feb_quote,2012,0.006666666666666667,0.0198333333333,-0.012910606308188188
1975_jan_first_feb_quote,2013,0.003991666666666667,0.0151666666667,-0.011008044656082516
1975_jan_first_feb_quote,2014,0.002825,0.00941666666667,-0.006530174193018934
1975_jan_first_feb_quote,2015,0.0015833333333333335,0.00558333333333,-0.003977790668762804
1975_jan_first_feb_quote,2016,0.0009,0.0045,-0.003583872573419633
1975_jan_first_feb_quote,2017,0.000425,0.01525,-0.014602314700812746
1975_jan_first_feb_quote,2018,0.00019166666666666667,0.0179166666667,-0.017413016782676594
1975_jan_first_feb_quote,2019,0.00011666666666666667,0.0139166666667,-0.013610586011374548
1975_jan_first_feb_quote,2020,8.333333333333334e-06,0.00533333333333,-0.005296750663126737
1975_jan_first_feb_quote,2021,-6.666666666666667e-05,0.03066666666666667,-0.02981888745148764
1975_jan_first_feb_quote,2022,5.646886315028669e-21,0.06866666666666667,-0.06425452276980659
1975_jan_first_feb_quote,2023,0.0037166666666666667,0.06,-0.05309748427672967
1975_jan_first_feb_quote,2024,0.005816666666666667,0.0225,-0.016316218418907957
1975_jan_first_feb_quote,2025,0.004733333333333333,0.021666666666666667,-0.016574225122349184
1975_jan_midpoint_prior_and_first,1968,0.035,0.0145833333333,0.02012320328545436
1975_jan_midpoint_prior_and_first,1969,0.037500000000000006,0.0196666666667,0.017489375612912195
1975_jan_midpoint_prior_and_first,1970,0.04875,0.0345833333333,0.013693113169585658
1975_jan_midpoint_prior_and_first,1971,0.04645,0.0521666666667,-0.005433233011278071
1975_jan_midpoint_prior_and_first,1972,0.04135,0.0551666666667,-0.01309429789925709
1975_jan_midpoint_prior_and_first,1973,0.050124999999999996,0.07,-0.018574766355140215
1975_jan_midpoint_prior_and_first,1974,0.055099999999999996,0.0699166666667,-0.013848430563158654
1975_jan_midpoint_prior_and_first,1975,0.044408333333333334,0.0591666666667,-0.013933910306875852
1975_jan_midpoint_prior_and_first,1976,0.03630833333333333,0.0425833333333,-0.0060187035408523215
1975_jan_midpoint_prior_and_first,1977,0.03133333333333333,0.0373333333333,-0.005784061696625931
1975_jan_midpoint_prior_and_first,1978,0.02550833333333333,0.0271666666667,-0.0016144734707448372
1975_jan_midpoint_prior_and_first,1979,0.03145,0.0401666666667,-0.008380067296939298
1975_jan_midpoint_prior_and_first,1980,0.046441666666666666,0.0545,-0.007641852378694414
1975_jan_midpoint_prior_and_first,1981,0.04916666666666667,0.0635,-0.013477511361855488
1975_jan_midpoint_prior_and_first,1982,0.048516666666666666,0.0520833333333,-0.0033900990098693073
1975_jan_midpoint_prior_and_first,1983,0.03260833333333333,0.0335,-0.0008627640703112727
1975_jan_midpoint_prior_and_first,1984,0.0301,0.024,0.005957031249999911
1975_jan_midpoint_prior_and_first,1985,0.02880833333333333,0.0205,0.008141433937612241
1975_jan_midpoint_prior_and_first,1986,0.025033333333333335,-0.00141666666667,0.02648752399232568
1975_jan_midpoint_prior_and_first,1987,0.021075,0.00266666666667,0.018359374999996625
1975_jan_midpoint_prior_and_first,1988,0.02008333333333333,0.0128333333333,0.00715813723880232
1975_jan_midpoint_prior_and_first,1989,0.024325,0.0276666666667,-0.003251702886830965
1975_jan_midpoint_prior_and_first,1990,0.028091666666666668,0.0271666666667,0.0009005354534803445
1975_jan_midpoint_prior_and_first,1991,0.02825,0.0365833333333,-0.00803923144944152
1975_jan_midpoint_prior_and_first,1992,0.028125,0.03975,-0.011180572252945442
1975_jan_midpoint_prior_and_first,1993,0.0254,0.0361666666667,-0.010390863760687985
1975_jan_midpoint_prior_and_first,1994,0.02095,0.0265,-0.005406721870433451
1975_jan_midpoint_prior_and_first,1995,0.020408333333333334,0.0181666666667,0.002201669667670547
1975_jan_midpoint_prior_and_first,1996,0.019925,0.0138333333333,0.006008548413644732
1975_jan_midpoint_prior_and_first,1997,0.0171,0.0196666666667,-0.0025171624714286356
1975_jan_midpoint_prior_and_first,1998,0.015608333333333333,0.00858333333333,0.006965215235894995
1975_jan_midpoint_prior_and_first,1999,0.013058333333333333,0.00616666666667,0.006849428524098089
1975_jan_midpoint_prior_and_first,2000,0.012466666666666668,0.0139166666667,-0.0014300978055725722
1975_jan_midpoint_prior_and_first,2001,0.011916666666666666,0.0201666666667,-0.008086913902989545
1975_jan_midpoint_prior_and_first,2002,0.010233333333333334,0.0144166666667,-0.004123880719658191
1975_jan_midpoint_prior_and_first,2003,0.011366666666666667,0.0100833333333,0.0012705222341722333
1975_jan_midpoint_prior_and_first,2004,0.011391666666666666,0.0165833333333,-0.005106975981605255
1975_jan_midpoint_prior_and_first,2005,0.011941666666666666,0.0154166666667,-0.0034222404596140343
1975_jan_midpoint_prior_and_first,2006,0.013600000000000001,0.0159166666667,-0.0022803707653514804
1975_jan_midpoint_prior_and_first,2007,0.017433333333333335,0.0230833333333,-0.005522521788678181
1975_jan_midpoint_prior_and_first,2008,0.019458333333333334,0.0263333333333,-0.006698603442643947
1975_jan_midpoint_prior_and_first,2009,0.010525,0.00316666666667,0.007335105499248762
1975_jan_midpoint_prior_and_first,2010,0.006941666666666666,0.0113333333333,-0.004342452208273229
1975_jan_midpoint_prior_and_first,2011,0.0077666666666666665,0.0205833333333,-0.012558177512828061
1975_jan_midpoint_prior_and_first,2012,0.006666666666666667,0.0198333333333,-0.012910606308188188
1975_jan_midpoint_prior_and_first,2013,0.003991666666666667,0.0151666666667,-0.011008044656082516
1975_jan_midpoint_prior_and_first,2014,0.002825,0.00941666666667,-0.006530174193018934
1975_jan_midpoint_prior_and_first,2015,0.0015833333333333335,0.00558333333333,-0.003977790668762804
1975_jan_midpoint_prior_and_first,2016,0.0009,0.0045,-0.003583872573419633
1975_jan_midpoint_prior_and_first,2017,0.000425,0.01525,-0.014602314700812746
1975_jan_midpoint_prior_and_first,2018,0.00019166666666666667,0.0179166666667,-0.017413016782676594
1975_jan_midpoint_prior_and_first,2019,0.00011666666666666667,0.0139166666667,-0.013610586011374548
1975_jan_midpoint_prior_and_first,2020,8.333333333333334e-06,0.00533333333333,-0.005296750663126737
1975_jan_midpoint_prior_and_first,2021,-6.666666666666667e-05,0.03066666666666667,-0.02981888745148764
1975_jan_midpoint_prior_and_first,2022,5.646886315028669e-21,0.06866666666666667,-0.06425452276980659
1975_jan_midpoint_prior_and_first,2023,0.0037166666666666667,0.06,-0.05309748427672967
1975_jan_midpoint_prior_and_first,2024,0.005816666666666667,0.0225,-0.016316218418907957
1975_jan_midpoint_prior_and_first,2025,0.004733333333333333,0.021666666666666667,-0.016574225122349184
1975_carry_forward_midmonth,1968,0.035,0.0145833333333,0.02012320328545436
1975_carry_forward_midmonth,1969,0.037500000000000006,0.0196666666667,0.017489375612912195
1975_carry_forward_midmonth,1970,0.04875,0.0345833333333,0.013693113169585658
1975_carry_forward_midmonth,1971,0.04645,0.0521666666667,-0.005433233011278071
1975_carry_forward_midmonth,1972,0.04135,0.0551666666667,-0.01309429789925709
1975_carry_forward_midmonth,1973,0.050124999999999996,0.07,-0.018574766355140215
1975_carry_forward_midmonth,1974,0.055099999999999996,0.0699166666667,-0.013848430563158654
1975_carry_forward_midmonth,1975,0.04507835616438357,0.0591666666667,-0.013301315973862415
1975_carry_forward_midmonth,1976,0.03630833333333333,0.0425833333333,-0.0060187035408523215
1975_carry_forward_midmonth,1977,0.03133333333333333,0.0373333333333,-0.005784061696625931
1975_carry_forward_midmonth,1978,0.02550833333333333,0.0271666666667,-0.0016144734707448372
1975_carry_forward_midmonth,1979,0.03145,0.0401666666667,-0.008380067296939298
1975_carry_forward_midmonth,1980,0.046441666666666666,0.0545,-0.007641852378694414
1975_carry_forward_midmonth,1981,0.04916666666666667,0.0635,-0.013477511361855488
1975_carry_forward_midmonth,1982,0.048516666666666666,0.0520833333333,-0.0033900990098693073
1975_carry_forward_midmonth,1983,0.03260833333333333,0.0335,-0.0008627640703112727
1975_carry_forward_midmonth,1984,0.0301,0.024,0.005957031249999911
1975_carry_forward_midmonth,1985,0.02880833333333333,0.0205,0.008141433937612241
1975_carry_forward_midmonth,1986,0.025033333333333335,-0.00141666666667,0.02648752399232568
1975_carry_forward_midmonth,1987,0.021075,0.00266666666667,0.018359374999996625
1975_carry_forward_midmonth,1988,0.02008333333333333,0.0128333333333,0.00715813723880232
1975_carry_forward_midmonth,1989,0.024325,0.0276666666667,-0.003251702886830965
1975_carry_forward_midmonth,1990,0.028091666666666668,0.0271666666667,0.0009005354534803445
1975_carry_forward_midmonth,1991,0.02825,0.0365833333333,-0.00803923144944152
1975_carry_forward_midmonth,1992,0.028125,0.03975,-0.011180572252945442
1975_carry_forward_midmonth,1993,0.0254,0.0361666666667,-0.010390863760687985
1975_carry_forward_midmonth,1994,0.02095,0.0265,-0.005406721870433451
1975_carry_forward_midmonth,1995,0.020408333333333334,0.0181666666667,0.002201669667670547
1975_carry_forward_midmonth,1996,0.019925,0.0138333333333,0.006008548413644732
1975_carry_forward_midmonth,1997,0.0171,0.0196666666667,-0.0025171624714286356
1975_carry_forward_midmonth,1998,0.015608333333333333,0.00858333333333,0.006965215235894995
1975_carry_forward_midmonth,1999,0.013058333333333333,0.00616666666667,0.006849428524098089
1975_carry_forward_midmonth,2000,0.012466666666666668,0.0139166666667,-0.0014300978055725722
1975_carry_forward_midmonth,2001,0.011916666666666666,0.0201666666667,-0.008086913902989545
1975_carry_forward_midmonth,2002,0.010233333333333334,0.0144166666667,-0.004123880719658191
1975_carry_forward_midmonth,2003,0.011366666666666667,0.0100833333333,0.0012705222341722333
1975_carry_forward_midmonth,2004,0.011391666666666666,0.0165833333333,-0.005106975981605255
1975_carry_forward_midmonth,2005,0.011941666666666666,0.0154166666667,-0.0034222404596140343
1975_carry_forward_midmonth,2006,0.013600000000000001,0.0159166666667,-0.0022803707653514804
1975_carry_forward_midmonth,2007,0.017433333333333335,0.0230833333333,-0.005522521788678181
1975_carry_forward_midmonth,2008,0.019458333333333334,0.0263333333333,-0.006698603442643947
1975_carry_forward_midmonth,2009,0.010525,0.00316666666667,0.007335105499248762
1975_carry_forward_midmonth,2010,0.006941666666666666,0.0113333333333,-0.004342452208273229
1975_carry_forward_midmonth,2011,0.0077666666666666665,0.0205833333333,-0.012558177512828061
1975_carry_forward_midmonth,2012,0.006666666666666667,0.0198333333333,-0.012910606308188188
1975_carry_forward_midmonth,2013,0.003991666666666667,0.0151666666667,-0.011008044656082516
1975_carry_forward_midmonth,2014,0.002825,0.00941666666667,-0.006530174193018934
1975_carry_forward_midmonth,2015,0.0015833333333333335,0.00558333333333,-0.003977790668762804
1975_carry_forward_midmonth,2016,0.0009,0.0045,-0.003583872573419633
1975_carry_forward_midmonth,2017,0.000425,0.01525,-0.014602314700812746
1975_carry_forward_midmonth,2018,0.00019166666666666667,0.0179166666667,-0.017413016782676594
1975_carry_forward_midmonth,2019,0.00011666666666666667,0.0139166666667,-0.013610586011374548
1975_carry_forward_midmonth,2020,8.333333333333334e-06,0.00533333333333,-0.005296750663126737
1975_carry_forward_midmonth,2021,-6.666666666666667e-05,0.03066666666666667,-0.02981888745148764
1975_carry_forward_midmonth,2022,5.646886315028669e-21,0.06866666666666667,-0.06425452276980659
1975_carry_forward_midmonth,2023,0.0037166666666666667,0.06,-0.05309748427672967
1975_carry_forward_midmonth,2024,0.005816666666666667,0.0225,-0.016316218418907957
1975_carry_forward_midmonth,2025,0.004733333333333333,0.021666666666666667,-0.016574225122349184
