year,archive_rows,valid_months,complete,missing_required
1949,7,7,False,1949-01;1949-02;1949-03;1949-04;1949-05
1950,12,12,True,
1951,12,12,True,
1952,12,12,True,
1953,12,12,True,
1954,12,12,True,
1955,12,12,True,
1956,12,12,True,
1957,12,12,True,
1958,12,12,True,
1959,12,12,True,
1960,12,12,True,
1961,12,12,True,
1962,12,12,True,
1963,12,12,True,
1964,12,12,True,
1965,12,12,True,
1966,12,12,True,
1967,12,12,True,
1968,12,12,True,
1969,12,12,True,
1970,12,12,True,
1971,12,12,True,
1972,12,12,True,
1973,12,12,True,
1974,12,12,True,
1975,12,12,True,
1976,12,12,True,
1977,12,12,True,
1978,12,12,True,
1979,12,12,True,
1980,12,12,True,
1981,12,12,True,
1982,12,12,True,
1983,12,12,True,
1984,12,12,True,
1985,12,12,True,
1986,12,12,True,
1987,12,12,True,
1988,12,12,True,
1989,12,12,True,
1990,12,12,True,
1991,12,12,True,
1992,12,12,True,
1993,12,12,True,
1994,12,12,True,
1995,12,12,True,
1996,12,12,True,
1997,12,12,True,
1998,12,12,True,
1999,12,12,True,
2000,12,12,True,
2001,12,12,True,
2002,12,12,True,
2003,12,12,True,
2004,12,12,True,
2005,12,12,True,
2006,12,12,True,
2007,12,12,True,
2008,12,12,True,
2009,12,12,True,
2010,12,12,True,
2011,12,12,True,
2012,12,12,True,
2013,12,12,True,
2014,12,12,True,
2015,12,12,True,
2016,12,12,True,
2017,12,12,True,
2018,12,12,True,
2019,12,12,True,
2020,12,12,True,
2021,12,12,True,
2022,12,12,True,
2023,12,12,True,
2024,12,12,True,
2025,12,12,True,
2026,9,9,False,2026-10;2026-11;2026-12
