month,monthly_yoy,flag
1949-06,0.10099999999999999,
1949-07,0.045,
1949-08,-0.004,
1949-09,-0.013999999999999999,
1949-10,-0.061,
1949-11,-0.048,
1949-12,-0.061,
1950-01,-0.076,
1950-02,-0.07,
1950-03,-0.07400000000000001,
1950-04,-0.071,
1950-05,-0.077,
1950-06,-0.081,
1950-07,-0.071,
1950-08,-0.054000000000000006,
1950-09,-0.047,
1950-10,-0.047,
1950-11,-0.054000000000000006,
1950-12,-0.036000000000000004,
1951-01,0.0,
1951-02,0.019,
1951-03,0.057,
1951-04,0.068,
1951-05,0.084,
1951-06,0.092,
1951-07,0.092,
1951-08,0.092,
1951-09,0.087,
1951-10,0.11,
1951-11,0.11699999999999999,
1951-12,0.105,
1952-01,0.09699999999999999,
1952-02,0.077,
1952-03,0.05,
1952-04,0.039,Estimated value
1952-05,0.018000000000000002,
1952-06,0.011000000000000001,
1952-07,0.006999999999999999,
1952-08,0.011000000000000001,
1952-09,0.006999999999999999,
1952-10,-0.013999999999999999,
1952-11,-0.017,
1952-12,-0.013999999999999999,
1953-01,-0.02,
1953-02,-0.02,
1953-03,-0.02,
1953-04,-0.021,
1953-05,-0.013999999999999999,
1953-06,-0.01,
1953-07,-0.006999999999999999,
1953-08,-0.01,
1953-09,-0.024,
1953-10,-0.021,
1953-11,-0.021,
1953-12,-0.024,
1954-01,-0.017,
1954-02,-0.01,
1954-03,-0.006999999999999999,
1954-04,-0.003,
1954-05,0.0,
1954-06,0.0,
1954-07,0.004,
1954-08,0.0,
1954-09,0.011000000000000001,
1954-10,0.013999999999999999,
1954-11,0.018000000000000002,
1954-12,0.018000000000000002,
1955-01,0.018000000000000002,
1955-02,0.013999999999999999,
1955-03,0.011000000000000001,
1955-04,0.011000000000000001,
1955-05,0.006999999999999999,
1955-06,0.011000000000000001,
1955-07,0.024,
1955-08,0.013999999999999999,
1955-09,0.013999999999999999,
1955-10,0.021,
1955-11,0.017,
1955-12,0.021,
1956-01,0.013999999999999999,
1956-02,0.024,
1956-03,0.038,
1956-04,0.038,
1956-05,0.038,
1956-06,0.035,
1956-07,0.02,
1956-08,0.027999999999999997,
1956-09,0.031,
1956-10,0.02,
1956-11,0.02,
1956-12,0.02,
1957-01,0.027000000000000003,
1957-02,0.02,
1957-03,0.003,
1957-04,0.006999999999999999,
1957-05,0.013000000000000001,
1957-06,0.02,
1957-07,0.027000000000000003,
1957-08,0.03,
1957-09,0.023,
1957-10,0.027000000000000003,
1957-11,0.023,
1957-12,0.02,
1958-01,0.03,
1958-02,0.03,
1958-03,0.033,
1958-04,0.03,
1958-05,0.04,
1958-06,0.036000000000000004,
1958-07,0.016,
1958-08,0.01,
1958-09,0.006999999999999999,
1958-10,0.006999999999999999,
1958-11,0.01,
1958-12,0.01,
1959-01,0.0,
1959-02,0.0,
1959-03,0.0,
1959-04,0.0,
1959-05,-0.013000000000000001,
1959-06,-0.006,
1959-07,0.01,
1959-08,0.019,
1959-09,0.026000000000000002,
1959-10,0.019,
1959-11,0.026000000000000002,
1959-12,0.023,
1960-01,0.023,
1960-02,0.019,
1960-03,0.019,
1960-04,0.023,
1960-05,0.028999999999999998,
1960-06,0.016,
1960-07,0.013000000000000001,
1960-08,0.01,
1960-09,0.01,
1960-10,0.01,
1960-11,0.003,
1960-12,0.006,
1961-01,0.019,
1961-02,0.022000000000000002,
1961-03,0.022000000000000002,
1961-04,0.019,
1961-05,0.019,
1961-06,0.027999999999999997,
1961-07,0.025,
1961-08,0.027999999999999997,
1961-09,0.025,
1961-10,0.027999999999999997,
1961-11,0.027999999999999997,
1961-12,0.031,
1962-01,0.025,
1962-02,0.025,
1962-03,0.031,
1962-04,0.037000000000000005,
1962-05,0.031,
1962-06,0.034,
1962-07,0.037000000000000005,
1962-08,0.024,
1962-09,0.027999999999999997,
1962-10,0.024,
1962-11,0.024,
1962-12,0.027000000000000003,
1963-01,0.031,
1963-02,0.037000000000000005,
1963-03,0.033,
1963-04,0.033,
1963-05,0.03,
1963-06,0.024,
1963-07,0.021,
1963-08,0.024,
1963-09,0.027000000000000003,
1963-10,0.033,
1963-11,0.033,
1963-12,0.033,
1964-01,0.027000000000000003,
1964-02,0.021,
1964-03,0.021,
1964-04,0.018000000000000002,
1964-05,0.021,
1964-06,0.024,
1964-07,0.027000000000000003,
1964-08,0.03,
1964-09,0.027000000000000003,
1964-10,0.021,
1964-11,0.023,
1964-12,0.023,
1965-01,0.02,
1965-02,0.017,
1965-03,0.023,
1965-04,0.026000000000000002,
1965-05,0.028999999999999998,
1965-06,0.038,
1965-07,0.037000000000000005,
1965-08,0.037000000000000005,
1965-09,0.037000000000000005,
1965-10,0.04,
1965-11,0.04,
1965-12,0.04,
1966-01,0.04,
1966-02,0.042,
1966-03,0.039,
1966-04,0.045,
1966-05,0.042,
1966-06,0.036000000000000004,
1966-07,0.033,
1966-08,0.031,
1966-09,0.031,
1966-10,0.027999999999999997,
1966-11,0.03,
1966-12,0.027000000000000003,
1967-01,0.027000000000000003,
1967-02,0.024,
1967-03,0.024,
1967-04,0.016,
1967-05,0.019,
1967-06,0.019,
1967-07,0.019,
1967-08,0.016,
1967-09,0.016,
1967-10,0.016,
1967-11,0.011000000000000001,
1967-12,0.008,
1968-01,0.016,
1968-02,0.016,
1968-03,0.013000000000000001,
1968-04,0.013000000000000001,
1968-05,0.011000000000000001,
1968-06,0.011000000000000001,
1968-07,0.011000000000000001,
1968-08,0.016,
1968-09,0.016,
1968-10,0.013000000000000001,
1968-11,0.018000000000000002,
1968-12,0.021,
1969-01,0.013000000000000001,
1969-02,0.018000000000000002,
1969-03,0.021,
1969-04,0.021,
1969-05,0.021,
1969-06,0.021,
1969-07,0.021,
1969-08,0.021,
1969-09,0.021,
1969-10,0.021,
1969-11,0.016,
1969-12,0.021,
1970-01,0.027999999999999997,
1970-02,0.026000000000000002,
1970-03,0.027999999999999997,
1970-04,0.033,
1970-05,0.033,
1970-06,0.036000000000000004,
1970-07,0.036000000000000004,
1970-08,0.036000000000000004,
1970-09,0.036000000000000004,
1970-10,0.040999999999999995,
1970-11,0.040999999999999995,
1970-12,0.040999999999999995,
1971-01,0.04,
1971-02,0.048,
1971-03,0.047,
1971-04,0.047,
1971-05,0.05,
1971-06,0.052000000000000005,
1971-07,0.057,
1971-08,0.057,
1971-09,0.059000000000000004,
1971-10,0.059000000000000004,
1971-11,0.055999999999999994,
1971-12,0.054000000000000006,
1972-01,0.057999999999999996,
1972-02,0.05,
1972-03,0.052000000000000005,
1972-04,0.052000000000000005,
1972-05,0.05,
1972-06,0.049,
1972-07,0.051,
1972-08,0.051,
1972-09,0.061,
1972-10,0.057999999999999996,
1972-11,0.065,
1972-12,0.065,
1973-01,0.062,
1973-02,0.066,
1973-03,0.065,
1973-04,0.067,
1973-05,0.076,
1973-06,0.076,
1973-07,0.073,
1973-08,0.073,
1973-09,0.062,
1973-10,0.068,
1973-11,0.07400000000000001,
1973-12,0.078,
1974-01,0.075,
1974-02,0.077,
1974-03,0.07200000000000001,
1974-04,0.07400000000000001,
1974-05,0.069,
1974-06,0.069,
1974-07,0.068,
1974-08,0.07,
1974-09,0.07200000000000001,
1974-10,0.07,
1974-11,0.065,
1974-12,0.057999999999999996,
1975-01,0.06,
1975-02,0.057,
1975-03,0.059000000000000004,
1975-04,0.061,
1975-05,0.063,
1975-06,0.066,
1975-07,0.062,
1975-08,0.057999999999999996,
1975-09,0.062,
1975-10,0.057999999999999996,
1975-11,0.051,
1975-12,0.053,
1976-01,0.053,
1976-02,0.052000000000000005,
1976-03,0.052000000000000005,
1976-04,0.048,
1976-05,0.044000000000000004,
1976-06,0.038,
1976-07,0.036000000000000004,
1976-08,0.04,
1976-09,0.036000000000000004,
1976-10,0.036000000000000004,
1976-11,0.038,
1976-12,0.038,
1977-01,0.039,
1977-02,0.037000000000000005,
1977-03,0.037000000000000005,
1977-04,0.035,
1977-05,0.037000000000000005,
1977-06,0.04,
1977-07,0.04,
1977-08,0.039,
1977-09,0.039,
1977-10,0.037000000000000005,
1977-11,0.035,
1977-12,0.033,
1978-01,0.031,
1978-02,0.031,
1978-03,0.028999999999999998,
1978-04,0.031,
1978-05,0.028999999999999998,
1978-06,0.027000000000000003,
1978-07,0.027000000000000003,
1978-08,0.025,
1978-09,0.022000000000000002,
1978-10,0.024,
1978-11,0.025,
1978-12,0.025,
1979-01,0.027999999999999997,
1979-02,0.027000000000000003,
1979-03,0.032,
1979-04,0.031,
1979-05,0.031,
1979-06,0.035,
1979-07,0.043,
1979-08,0.045,
1979-09,0.051,
1979-10,0.051,
1979-11,0.054000000000000006,
1979-12,0.054000000000000006,
1980-01,0.049,
1980-02,0.06,
1980-03,0.057999999999999996,
1980-04,0.057999999999999996,
1980-05,0.062,
1980-06,0.057,
1980-07,0.052000000000000005,
1980-08,0.054000000000000006,
1980-09,0.049,
1980-10,0.049,
1980-11,0.05,
1980-12,0.055999999999999994,
1981-01,0.059000000000000004,
1981-02,0.055,
1981-03,0.057999999999999996,
1981-04,0.057999999999999996,
1981-05,0.057,
1981-06,0.06,
1981-07,0.065,
1981-08,0.066,
1981-09,0.07,
1981-10,0.075,
1981-11,0.073,
1981-12,0.066,
1982-01,0.067,
1982-02,0.057999999999999996,
1982-03,0.05,
1982-04,0.05,
1982-05,0.051,
1982-06,0.057999999999999996,
1982-07,0.054000000000000006,
1982-08,0.049,
1982-09,0.049,
1982-10,0.049,
1982-11,0.044000000000000004,
1982-12,0.046,
1983-01,0.040999999999999995,
1983-02,0.040999999999999995,
1983-03,0.040999999999999995,
1983-04,0.04,
1983-05,0.034,
1983-06,0.027000000000000003,
1983-07,0.028999999999999998,
1983-08,0.034,
1983-09,0.032,
1983-10,0.027000000000000003,
1983-11,0.027999999999999997,
1983-12,0.027999999999999997,
1984-01,0.025,
1984-02,0.028999999999999998,
1984-03,0.03,
1984-04,0.028999999999999998,
1984-05,0.028999999999999998,
1984-06,0.027000000000000003,
1984-07,0.022000000000000002,
1984-08,0.018000000000000002,
1984-09,0.017,
1984-10,0.022000000000000002,
1984-11,0.021,
1984-12,0.019,
1985-01,0.022000000000000002,
1985-02,0.023,
1985-03,0.026000000000000002,
1985-04,0.024,
1985-05,0.023,
1985-06,0.02,
1985-07,0.022000000000000002,
1985-08,0.02,
1985-09,0.02,
1985-10,0.016,
1985-11,0.015,
1985-12,0.015,
1986-01,0.013999999999999999,
1986-02,0.008,
1986-03,0.0,
1986-04,0.0,
1986-05,0.0,
1986-06,0.0,
1986-07,-0.002,
1986-08,-0.004,
1986-09,-0.004,
1986-10,-0.009000000000000001,
1986-11,-0.01,
1986-12,-0.01,
1987-01,-0.006999999999999999,
1987-02,-0.005,
1987-03,-0.001,
1987-04,0.0,
1987-05,0.0,
1987-06,0.001,
1987-07,0.004,
1987-08,0.006,
1987-09,0.005,
1987-10,0.009000000000000001,
1987-11,0.01,
1987-12,0.01,
1988-01,0.009000000000000001,
1988-02,0.01,
1988-03,0.01,
1988-04,0.01,
1988-05,0.012,
1988-06,0.012,
1988-07,0.012,
1988-08,0.012,
1988-09,0.013999999999999999,
1988-10,0.015,
1988-11,0.019,
1988-12,0.019,
1989-01,0.024,
1989-02,0.023,
1989-03,0.025,
1989-04,0.03,
1989-05,0.027999999999999997,
1989-06,0.027999999999999997,
1989-07,0.027000000000000003,
1989-08,0.027999999999999997,
1989-09,0.027999999999999997,
1989-10,0.031,
1989-11,0.028999999999999998,
1989-12,0.031,
1990-01,0.027000000000000003,
1990-02,0.027999999999999997,
1990-03,0.027000000000000003,
1990-04,0.023,
1990-05,0.024,
1990-06,0.024,
1990-07,0.025,
1990-08,0.027999999999999997,
1990-09,0.03,
1990-10,0.033,
1990-11,0.03,
1990-12,0.027000000000000003,
1991-01,0.027999999999999997,
1991-02,0.028999999999999998,
1991-03,0.028999999999999998,
1991-04,0.028999999999999998,
1991-05,0.032,
1991-06,0.035,
1991-07,0.049,
1991-08,0.045,
1991-09,0.042,
1991-10,0.036000000000000004,
1991-11,0.042,
1991-12,0.043,
1992-01,0.04,
1992-02,0.043,
1992-03,0.046,
1992-04,0.049,
1992-05,0.045,
1992-06,0.045,
1992-07,0.034,
1992-08,0.036000000000000004,
1992-09,0.035,
1992-10,0.036000000000000004,
1992-11,0.034,
1992-12,0.034,
1993-01,0.039,
1993-02,0.038,
1993-03,0.039,
1993-04,0.036000000000000004,
1993-05,0.036000000000000004,
1993-06,0.036000000000000004,
1993-07,0.037000000000000005,
1993-08,0.037000000000000005,
1993-09,0.037000000000000005,
1993-10,0.034,
1993-11,0.032,
1993-12,0.033,
1994-01,0.031,
1994-02,0.028999999999999998,
1994-03,0.027000000000000003,
1994-04,0.026000000000000002,
1994-05,0.027000000000000003,
1994-06,0.026000000000000002,
1994-07,0.025,
1994-08,0.026000000000000002,
1994-09,0.026000000000000002,
1994-10,0.025,
1994-11,0.025,
1994-12,0.025,
1995-01,0.023,
1995-02,0.02,
1995-03,0.019,
1995-04,0.019,
1995-05,0.017,
1995-06,0.017,
1995-07,0.019,
1995-08,0.016,
1995-09,0.019,
1995-10,0.017,
1995-11,0.016,
1995-12,0.016,
1996-01,0.013999999999999999,
1996-02,0.013999999999999999,
1996-03,0.013999999999999999,
1996-04,0.013000000000000001,
1996-05,0.013999999999999999,
1996-06,0.013999999999999999,
1996-07,0.013000000000000001,
1996-08,0.013000000000000001,
1996-09,0.013000000000000001,
1996-10,0.015,
1996-11,0.013999999999999999,
1996-12,0.015,
1997-01,0.021,
1997-02,0.017,
1997-03,0.017,
1997-04,0.015,
1997-05,0.017,
1997-06,0.015,
1997-07,0.024,
1997-08,0.024,
1997-09,0.022000000000000002,
1997-10,0.021,
1997-11,0.022000000000000002,
1997-12,0.021,
1998-01,0.012,
1998-02,0.012,
1998-03,0.011000000000000001,
1998-04,0.013999999999999999,
1998-05,0.012,
1998-06,0.013999999999999999,
1998-07,0.008,
1998-08,0.005,
1998-09,0.004,
1998-10,0.004,
1998-11,0.004,
1998-12,0.003,
1999-01,0.001,
1999-02,0.001,
1999-03,0.003,
1999-04,0.006999999999999999,
1999-05,0.005,
1999-06,0.005,
1999-07,0.005,
1999-08,0.008,
1999-09,0.008,
1999-10,0.008,
1999-11,0.011000000000000001,
1999-12,0.012,
2000-01,0.016,
2000-02,0.015,
2000-03,0.015,
2000-04,0.009000000000000001,
2000-05,0.009000000000000001,
2000-06,0.012,
2000-07,0.013000000000000001,
2000-08,0.011000000000000001,
2000-09,0.016,
2000-10,0.016,
2000-11,0.015,
2000-12,0.02,
2001-01,0.015,
2001-02,0.02,
2001-03,0.02,
2001-04,0.024,
2001-05,0.027999999999999997,
2001-06,0.025,
2001-07,0.021,
2001-08,0.021,
2001-09,0.018000000000000002,
2001-10,0.018000000000000002,
2001-11,0.015,
2001-12,0.017,
2002-01,0.02,
2002-02,0.018000000000000002,
2002-03,0.021,
2002-04,0.016,
2002-05,0.013000000000000001,
2002-06,0.012,
2002-07,0.012,
2002-08,0.013000000000000001,
2002-09,0.013000000000000001,
2002-10,0.013000000000000001,
2002-11,0.012,
2002-12,0.01,
2003-01,0.01,
2003-02,0.013000000000000001,
2003-03,0.01,
2003-04,0.009000000000000001,
2003-05,0.005,
2003-06,0.009000000000000001,
2003-07,0.009000000000000001,
2003-08,0.01,
2003-09,0.01,
2003-10,0.012,
2003-11,0.013000000000000001,
2003-12,0.011000000000000001,
2004-01,0.011000000000000001,
2004-02,0.008,
2004-03,0.011000000000000001,
2004-04,0.016,
2004-05,0.022000000000000002,
2004-06,0.018000000000000002,
2004-07,0.018000000000000002,
2004-08,0.019,
2004-09,0.016,
2004-10,0.018000000000000002,
2004-11,0.019,
2004-12,0.023,
2005-01,0.015,
2005-02,0.016,
2005-03,0.018000000000000002,
2005-04,0.011000000000000001,
2005-05,0.011000000000000001,
2005-06,0.012,
2005-07,0.016,
2005-08,0.016,
2005-09,0.02,
2005-10,0.019,
2005-11,0.017,
2005-12,0.013999999999999999,
2006-01,0.017,
2006-02,0.019,
2006-03,0.013999999999999999,
2006-04,0.021,
2006-05,0.018000000000000002,
2006-06,0.02,
2006-07,0.018000000000000002,
2006-08,0.015,
2006-09,0.01,
2006-10,0.011000000000000001,
2006-11,0.013000000000000001,
2006-12,0.015,
2007-01,0.018000000000000002,
2007-02,0.017,
2007-03,0.019,
2007-04,0.021,
2007-05,0.021,
2007-06,0.019,
2007-07,0.02,
2007-08,0.022000000000000002,
2007-09,0.027000000000000003,
2007-10,0.027999999999999997,
2007-11,0.034,
2007-12,0.031,
2008-01,0.027999999999999997,
2008-02,0.028999999999999998,
2008-03,0.031,
2008-04,0.024,
2008-05,0.03,
2008-06,0.032,
2008-07,0.033,
2008-08,0.031,
2008-09,0.028999999999999998,
2008-10,0.025,
2008-11,0.013999999999999999,
2008-12,0.01,
2009-01,0.009000000000000001,
2009-02,0.01,
2009-03,0.005,
2009-04,0.006999999999999999,
2009-05,0.001,
2009-06,0.001,
2009-07,-0.005,
2009-08,0.001,
2009-09,-0.003,
2009-10,0.0,
2009-11,0.003,
2009-12,0.009000000000000001,
2010-01,0.008,
2010-02,0.006,
2010-03,0.013000000000000001,
2010-04,0.013000000000000001,
2010-05,0.013000000000000001,
2010-06,0.009000000000000001,
2010-07,0.01,
2010-08,0.009000000000000001,
2010-09,0.013000000000000001,
2010-10,0.013000000000000001,
2010-11,0.015,
2010-12,0.013999999999999999,
2011-01,0.016,
2011-02,0.019,
2011-03,0.019,
2011-04,0.019,
2011-05,0.019,
2011-06,0.02,
2011-07,0.022000000000000002,
2011-08,0.022000000000000002,
2011-09,0.024,
2011-10,0.024,
2011-11,0.024,
2011-12,0.019,
2012-01,0.021,
2012-02,0.021,
2012-03,0.021,
2012-04,0.02,
2012-05,0.019,
2012-06,0.017,
2012-07,0.018000000000000002,
2012-08,0.021,
2012-09,0.021,
2012-10,0.02,
2012-11,0.019,
2012-12,0.02,
2013-01,0.017,
2013-02,0.015,
2013-03,0.013999999999999999,
2013-04,0.011000000000000001,
2013-05,0.016,
2013-06,0.019,
2013-07,0.02,
2013-08,0.015,
2013-09,0.013999999999999999,
2013-10,0.012,
2013-11,0.013999999999999999,
2013-12,0.015,
2014-01,0.013000000000000001,
2014-02,0.013000000000000001,
2014-03,0.011000000000000001,
2014-04,0.013999999999999999,
2014-05,0.009000000000000001,
2014-06,0.01,
2014-07,0.009000000000000001,
2014-08,0.009000000000000001,
2014-09,0.009000000000000001,
2014-10,0.009000000000000001,
2014-11,0.006,
2014-12,0.001,
2015-01,-0.002,
2015-02,0.0,
2015-03,0.003,
2015-04,0.009000000000000001,
2015-05,0.012,
2015-06,0.01,
2015-07,0.008,
2015-08,0.006999999999999999,
2015-09,0.006,
2015-10,0.009000000000000001,
2015-11,0.002,
2015-12,0.003,
2016-01,0.005,
2016-02,0.001,
2016-03,0.002,
2016-04,-0.001,
2016-05,0.002,
2016-06,0.003,
2016-07,0.004,
2016-08,0.004,
2016-09,0.006,
2016-10,0.006999999999999999,
2016-11,0.006999999999999999,
2016-12,0.013999999999999999,
2017-01,0.016,
2017-02,0.018000000000000002,
2017-03,0.013999999999999999,
2017-04,0.017,
2017-05,0.012,
2017-06,0.013999999999999999,
2017-07,0.015,
2017-08,0.017,
2017-09,0.016,
2017-10,0.013999999999999999,
2017-11,0.016,
2017-12,0.013999999999999999,
2018-01,0.013999999999999999,
2018-02,0.012,
2018-03,0.015,
2018-04,0.013999999999999999,
2018-05,0.021,
2018-06,0.019,
2018-07,0.019,
2018-08,0.019,
2018-09,0.021,
2018-10,0.023,
2018-11,0.021,
2018-12,0.017,
2019-01,0.013000000000000001,
2019-02,0.013999999999999999,
2019-03,0.013000000000000001,
2019-04,0.019,
2019-05,0.013999999999999999,
2019-06,0.016,
2019-07,0.016,
2019-08,0.013999999999999999,
2019-09,0.012,
2019-10,0.011000000000000001,
2019-11,0.01,
2019-12,0.015,
2020-01,0.021,
2020-02,0.02,
2020-03,0.018000000000000002,
2020-04,0.01,
2020-05,0.008,
2020-06,0.006,
2020-07,-0.006,
2020-08,-0.005,
2020-09,-0.005,
2020-10,-0.003,
2020-11,0.002,
2020-12,-0.002,
2021-01,0.012,
2021-02,0.015,
2021-03,0.018000000000000002,
2021-04,0.02,
2021-05,0.022000000000000002,
2021-06,0.024,
2021-07,0.037000000000000005,
2021-08,0.038,
2021-09,0.040999999999999995,
2021-10,0.044000000000000004,
2021-11,0.048,
2021-12,0.049,
2022-01,0.042,
2022-02,0.043,
2022-03,0.059000000000000004,
2022-04,0.063,
2022-05,0.07,
2022-06,0.067,
2022-07,0.067,
2022-08,0.07,
2022-09,0.086,
2022-10,0.08800000000000001,
2022-11,0.08800000000000001,
2022-12,0.081,
2023-01,0.087,
2023-02,0.087,
2023-03,0.07400000000000001,
2023-04,0.07200000000000001,
2023-05,0.061,
2023-06,0.064,
2023-07,0.062,
2023-08,0.061,
2023-09,0.045,
2023-10,0.038,
2023-11,0.032,
2023-12,0.037000000000000005,
2024-01,0.028999999999999998,
2024-02,0.025,
2024-03,0.022000000000000002,
2024-04,0.022000000000000002,
2024-05,0.024,
2024-06,0.022000000000000002,
2024-07,0.023,
2024-08,0.019,
2024-09,0.016,
2024-10,0.02,
2024-11,0.022000000000000002,
2024-12,0.026000000000000002,
2025-01,0.023,
2025-02,0.023,
2025-03,0.022000000000000002,
2025-04,0.021,
2025-05,0.021,
2025-06,0.02,
2025-07,0.02,
2025-08,0.022000000000000002,
2025-09,0.024,
2025-10,0.023,
2025-11,0.023,
2025-12,0.018000000000000002,
2026-01,0.021,
2026-02,0.019,
2026-03,0.027000000000000003,
2026-04,0.028999999999999998,
2026-05,0.026000000000000002,
2026-06,0.023,
2026-07,0.027999999999999997,
2026-08,0.028999999999999998,
2026-09,0.033,Estimated value
