year,source,nominal,app_inflation,real,equity_real,included_paired,excluded_reason
1976,SU0022,0.03630833333333333,0.0425833333333,-0.0060187035408523215,-0.0841868386083,True,
1977,SU0022,0.03133333333333333,0.0373333333333,-0.005784061696625931,-0.125899195236,True,
1978,SU0022,0.02550833333333333,0.0271666666667,-0.0016144734707448372,0.0351793615696,True,
1979,SU0022,0.03145,0.0401666666667,-0.008380067296939298,0.0607169084214,True,
1980,SU0022,0.046441666666666666,0.0545,-0.007641852378694414,0.0964710521835,True,
1981,SU0022,0.04916666666666667,0.0635,-0.013477511361855488,0.022300888779,True,
1982,SU0022,0.048516666666666666,0.0520833333333,-0.0033900990098693073,0.0306426258438,True,
1983,SU0022,0.03260833333333333,0.0335,-0.0008627640703112727,0.347075704425,True,
1984,SU0022,0.0301,0.024,0.005957031249999911,0.0819442373032,True,
1985,SU0022,0.02880833333333333,0.0205,0.008141433937612241,0.35532790716,True,
1986,SU0022,0.025033333333333335,-0.00141666666667,0.02648752399232568,0.344491125372,True,
1987,SU0022,0.021075,0.00266666666667,0.018359374999996625,-0.000572655491038,True,
1988,SU0022,0.02008333333333333,0.0128333333333,0.00715813723880232,0.213677319517,True,
1989,SU0022,0.024325,0.0276666666667,-0.003251702886830965,0.191734851322,True,
1990,SU0022,0.028091666666666668,0.0271666666667,0.0009005354534803445,-0.198857516196,True,
1991,SU0022,0.02825,0.0365833333333,-0.00803923144944152,0.0294377936494,True,
1992,SU0022,0.028125,0.03975,-0.011180572252945442,-0.0262974003569,True,
1993,SU0022,0.0254,0.0361666666667,-0.010390863760687985,0.381333377163,True,
1994,SU0022,0.02095,0.0265,-0.005406721870433451,-0.00597859347258,True,
1995,SU0022,0.020408333333333334,0.0181666666667,0.002201669667670547,0.0826248948232,True,
1996,SU0022,0.019925,0.0138333333333,0.006008548413644732,0.257149198092,True,
1997,SU0022,0.0171,0.0196666666667,-0.0025171624714286356,0.336180933628,True,
1998,SU0022,0.015608333333333333,0.00858333333333,0.006965215235894995,0.187874212475,True,
1999,SU0022,0.013058333333333333,0.00616666666667,0.006849428524098089,0.338485736093,True,
2000,SU0022,0.012466666666666668,0.0139166666667,-0.0014300978055725722,-0.022123553775,True,
2001,SU0022,0.011916666666666666,0.0201666666667,-0.008086913902989545,-0.168992280806,True,
2002,SU0022,0.010233333333333334,0.0144166666667,-0.004123880719658191,-0.265437271412,True,
2003,SUD101,0.011366666666666667,0.0100833333333,0.0012705222341722333,0.19899668975,True,
2004,SUD101,0.011391666666666666,0.0165833333333,-0.005106975981605255,0.178940292442,True,
2005,SUD101,0.011941666666666666,0.0154166666667,-0.0034222404596140343,0.249589037127,True,
2006,SUD101,0.013600000000000001,0.0159166666667,-0.0022803707653514804,0.219335805038,True,
2007,SUD101,0.017433333333333335,0.0230833333333,-0.005522521788678181,0.058107063776,True,
2008,SUD101,0.019458333333333334,0.0263333333333,-0.006698603442643947,-0.446351487745,True,
2009,SUD101,0.010525,0.00316666666667,0.007335105499248762,0.320894131704,True,
2010,SUD101,0.006941666666666666,0.0113333333333,-0.004342452208273229,0.0785705519546,True,
2011,SUD101,0.0077666666666666665,0.0205833333333,-0.012558177512828061,-0.143996992997,True,
2012,SUD101,0.006666666666666667,0.0198333333333,-0.012910606308188188,0.140851884639,True,
2013,SUD101,0.003991666666666667,0.0151666666667,-0.011008044656082516,0.2563145801,True,
2014,SUD101,0.002825,0.00941666666667,-0.006530174193018934,0.067015125862,True,
2015,SUD101,0.0015833333333333335,0.00558333333333,-0.003977790668762804,0.0957815185749,True,
2016,SUD101,0.0009,0.0045,-0.003583872573419633,0.0434257085404,True,
2017,SUD101,0.000425,0.01525,-0.014602314700812746,0.126755955315,True,
2018,SUD101,0.00019166666666666667,0.0179166666667,-0.017413016782676594,-0.0877131929059,True,
2019,SUD101,0.00011666666666666667,0.0139166666667,-0.013610586011374548,0.204675678775,True,
2020,SUD101,8.333333333333334e-06,0.00533333333333,-0.005296750663126737,0.0502456884988,True,
