source,year,rows,valid_months,missing_in_series,outside_source_span,complete
SU0022,1967,7,3,1967-07;1967-08;1967-10;1967-11,1967-01;1967-02;1967-03;1967-04;1967-05,False
SU0022,1968,12,4,1968-01;1968-02;1968-04;1968-05;1968-07;1968-08;1968-10;1968-12,,False
SU0022,1969,12,4,1969-01;1969-03;1969-04;1969-06;1969-07;1969-09;1969-10;1969-12,,False
SU0022,1970,12,4,1970-01;1970-03;1970-04;1970-06;1970-07;1970-09;1970-10;1970-12,,False
SU0022,1971,12,5,1971-03;1971-04;1971-06;1971-07;1971-09;1971-10;1971-12,,False
SU0022,1972,12,4,1972-01;1972-03;1972-04;1972-06;1972-07;1972-09;1972-10;1972-12,,False
SU0022,1973,12,5,1973-01;1973-03;1973-04;1973-06;1973-09;1973-10;1973-12,,False
SU0022,1974,12,4,1974-01;1974-03;1974-04;1974-06;1974-07;1974-09;1974-10;1974-12,,False
SU0022,1975,12,11,1975-01,,False
SU0022,1976,12,12,,,True
SU0022,1977,12,12,,,True
SU0022,1978,12,12,,,True
SU0022,1979,12,12,,,True
SU0022,1980,12,12,,,True
SU0022,1981,12,12,,,True
SU0022,1982,12,12,,,True
SU0022,1983,12,12,,,True
SU0022,1984,12,12,,,True
SU0022,1985,12,12,,,True
SU0022,1986,12,12,,,True
SU0022,1987,12,12,,,True
SU0022,1988,12,12,,,True
SU0022,1989,12,12,,,True
SU0022,1990,12,12,,,True
SU0022,1991,12,12,,,True
SU0022,1992,12,12,,,True
SU0022,1993,12,12,,,True
SU0022,1994,12,12,,,True
SU0022,1995,12,12,,,True
SU0022,1996,12,12,,,True
SU0022,1997,12,12,,,True
SU0022,1998,12,12,,,True
SU0022,1999,12,12,,,True
SU0022,2000,12,12,,,True
SU0022,2001,12,12,,,True
SU0022,2002,12,12,,,True
SU0022,2003,6,6,,2003-07;2003-08;2003-09;2003-10;2003-11;2003-12,False
SUD101,2003,12,12,,,True
SUD101,2004,12,12,,,True
SUD101,2005,12,12,,,True
SUD101,2006,12,12,,,True
SUD101,2007,12,12,,,True
SUD101,2008,12,12,,,True
SUD101,2009,12,12,,,True
SUD101,2010,12,12,,,True
SUD101,2011,12,12,,,True
SUD101,2012,12,12,,,True
SUD101,2013,12,12,,,True
SUD101,2014,12,12,,,True
SUD101,2015,12,12,,,True
SUD101,2016,12,12,,,True
SUD101,2017,12,12,,,True
SUD101,2018,12,12,,,True
SUD101,2019,12,12,,,True
SUD101,2020,12,12,,,True
SUD101,2021,12,12,,,True
SUD101,2022,12,12,,,True
SUD101,2023,12,12,,,True
SUD101,2024,12,12,,,True
SUD101,2025,12,12,,,True
SUD101,2026,8,8,,2026-09;2026-10;2026-11;2026-12,False
