source,series_id,month,nominal_annualized_rate,flag
SU0022,BBIB1.M.DE.B.H.DNB.SPM.K3M.A.N1.11A,1967-06,0.035699999999999996,
SU0022,BBIB1.M.DE.B.H.DNB.SPM.K3M.A.N1.11A,1967-07,,No value available
SU0022,BBIB1.M.DE.B.H.DNB.SPM.K3M.A.N1.11A,1967-08,,No value available
SU0022,BBIB1.M.DE.B.H.DNB.SPM.K3M.A.N1.11A,1967-09,0.0352,
SU0022,BBIB1.M.DE.B.H.DNB.SPM.K3M.A.N1.11A,1967-10,,No value available
SU0022,BBIB1.M.DE.B.H.DNB.SPM.K3M.A.N1.11A,1967-11,,No value available
SU0022,BBIB1.M.DE.B.H.DNB.SPM.K3M.A.N1.11A,1967-12,0.0352,
SU0022,BBIB1.M.DE.B.H.DNB.SPM.K3M.A.N1.11A,1968-01,,No value available
SU0022,BBIB1.M.DE.B.H.DNB.SPM.K3M.A.N1.11A,1968-02,,No value available
SU0022,BBIB1.M.DE.B.H.DNB.SPM.K3M.A.N1.11A,1968-03,0.035,
SU0022,BBIB1.M.DE.B.H.DNB.SPM.K3M.A.N1.11A,1968-04,,No value available
SU0022,BBIB1.M.DE.B.H.DNB.SPM.K3M.A.N1.11A,1968-05,,No value available
SU0022,BBIB1.M.DE.B.H.DNB.SPM.K3M.A.N1.11A,1968-06,0.035,
SU0022,BBIB1.M.DE.B.H.DNB.SPM.K3M.A.N1.11A,1968-07,,No value available
SU0022,BBIB1.M.DE.B.H.DNB.SPM.K3M.A.N1.11A,1968-08,,No value available
SU0022,BBIB1.M.DE.B.H.DNB.SPM.K3M.A.N1.11A,1968-09,0.035,
SU0022,BBIB1.M.DE.B.H.DNB.SPM.K3M.A.N1.11A,1968-10,,No value available
SU0022,BBIB1.M.DE.B.H.DNB.SPM.K3M.A.N1.11A,1968-11,0.035,
SU0022,BBIB1.M.DE.B.H.DNB.SPM.K3M.A.N1.11A,1968-12,,No value available
SU0022,BBIB1.M.DE.B.H.DNB.SPM.K3M.A.N1.11A,1969-01,,No value available
SU0022,BBIB1.M.DE.B.H.DNB.SPM.K3M.A.N1.11A,1969-02,0.035,
SU0022,BBIB1.M.DE.B.H.DNB.SPM.K3M.A.N1.11A,1969-03,,No value available
SU0022,BBIB1.M.DE.B.H.DNB.SPM.K3M.A.N1.11A,1969-04,,No value available
SU0022,BBIB1.M.DE.B.H.DNB.SPM.K3M.A.N1.11A,1969-05,0.035,
SU0022,BBIB1.M.DE.B.H.DNB.SPM.K3M.A.N1.11A,1969-06,,No value available
SU0022,BBIB1.M.DE.B.H.DNB.SPM.K3M.A.N1.11A,1969-07,,No value available
SU0022,BBIB1.M.DE.B.H.DNB.SPM.K3M.A.N1.11A,1969-08,0.04,
SU0022,BBIB1.M.DE.B.H.DNB.SPM.K3M.A.N1.11A,1969-09,,No value available
SU0022,BBIB1.M.DE.B.H.DNB.SPM.K3M.A.N1.11A,1969-10,,No value available
SU0022,BBIB1.M.DE.B.H.DNB.SPM.K3M.A.N1.11A,1969-11,0.04,
SU0022,BBIB1.M.DE.B.H.DNB.SPM.K3M.A.N1.11A,1969-12,,No value available
SU0022,BBIB1.M.DE.B.H.DNB.SPM.K3M.A.N1.11A,1970-01,,No value available
SU0022,BBIB1.M.DE.B.H.DNB.SPM.K3M.A.N1.11A,1970-02,0.045,
SU0022,BBIB1.M.DE.B.H.DNB.SPM.K3M.A.N1.11A,1970-03,,No value available
SU0022,BBIB1.M.DE.B.H.DNB.SPM.K3M.A.N1.11A,1970-04,,No value available
SU0022,BBIB1.M.DE.B.H.DNB.SPM.K3M.A.N1.11A,1970-05,0.05,
SU0022,BBIB1.M.DE.B.H.DNB.SPM.K3M.A.N1.11A,1970-06,,No value available
SU0022,BBIB1.M.DE.B.H.DNB.SPM.K3M.A.N1.11A,1970-07,,No value available
SU0022,BBIB1.M.DE.B.H.DNB.SPM.K3M.A.N1.11A,1970-08,0.05,
SU0022,BBIB1.M.DE.B.H.DNB.SPM.K3M.A.N1.11A,1970-09,,No value available
SU0022,BBIB1.M.DE.B.H.DNB.SPM.K3M.A.N1.11A,1970-10,,No value available
SU0022,BBIB1.M.DE.B.H.DNB.SPM.K3M.A.N1.11A,1970-11,0.05,
SU0022,BBIB1.M.DE.B.H.DNB.SPM.K3M.A.N1.11A,1970-12,,No value available
SU0022,BBIB1.M.DE.B.H.DNB.SPM.K3M.A.N1.11A,1971-01,0.05,
SU0022,BBIB1.M.DE.B.H.DNB.SPM.K3M.A.N1.11A,1971-02,0.05,
SU0022,BBIB1.M.DE.B.H.DNB.SPM.K3M.A.N1.11A,1971-03,,No value available
SU0022,BBIB1.M.DE.B.H.DNB.SPM.K3M.A.N1.11A,1971-04,,No value available
SU0022,BBIB1.M.DE.B.H.DNB.SPM.K3M.A.N1.11A,1971-05,0.0453,
SU0022,BBIB1.M.DE.B.H.DNB.SPM.K3M.A.N1.11A,1971-06,,No value available
SU0022,BBIB1.M.DE.B.H.DNB.SPM.K3M.A.N1.11A,1971-07,,No value available
SU0022,BBIB1.M.DE.B.H.DNB.SPM.K3M.A.N1.11A,1971-08,0.0453,
SU0022,BBIB1.M.DE.B.H.DNB.SPM.K3M.A.N1.11A,1971-09,,No value available
SU0022,BBIB1.M.DE.B.H.DNB.SPM.K3M.A.N1.11A,1971-10,,No value available
SU0022,BBIB1.M.DE.B.H.DNB.SPM.K3M.A.N1.11A,1971-11,0.0452,
SU0022,BBIB1.M.DE.B.H.DNB.SPM.K3M.A.N1.11A,1971-12,,No value available
SU0022,BBIB1.M.DE.B.H.DNB.SPM.K3M.A.N1.11A,1972-01,,No value available
SU0022,BBIB1.M.DE.B.H.DNB.SPM.K3M.A.N1.11A,1972-02,0.045,
SU0022,BBIB1.M.DE.B.H.DNB.SPM.K3M.A.N1.11A,1972-03,,No value available
SU0022,BBIB1.M.DE.B.H.DNB.SPM.K3M.A.N1.11A,1972-04,,No value available
SU0022,BBIB1.M.DE.B.H.DNB.SPM.K3M.A.N1.11A,1972-05,0.04019999999999999,
SU0022,BBIB1.M.DE.B.H.DNB.SPM.K3M.A.N1.11A,1972-06,,No value available
SU0022,BBIB1.M.DE.B.H.DNB.SPM.K3M.A.N1.11A,1972-07,,No value available
SU0022,BBIB1.M.DE.B.H.DNB.SPM.K3M.A.N1.11A,1972-08,0.0401,
SU0022,BBIB1.M.DE.B.H.DNB.SPM.K3M.A.N1.11A,1972-09,,No value available
SU0022,BBIB1.M.DE.B.H.DNB.SPM.K3M.A.N1.11A,1972-10,,No value available
SU0022,BBIB1.M.DE.B.H.DNB.SPM.K3M.A.N1.11A,1972-11,0.0401,
SU0022,BBIB1.M.DE.B.H.DNB.SPM.K3M.A.N1.11A,1972-12,,No value available
SU0022,BBIB1.M.DE.B.H.DNB.SPM.K3M.A.N1.11A,1973-01,,No value available
SU0022,BBIB1.M.DE.B.H.DNB.SPM.K3M.A.N1.11A,1973-02,0.0451,
SU0022,BBIB1.M.DE.B.H.DNB.SPM.K3M.A.N1.11A,1973-03,,No value available
SU0022,BBIB1.M.DE.B.H.DNB.SPM.K3M.A.N1.11A,1973-04,,No value available
SU0022,BBIB1.M.DE.B.H.DNB.SPM.K3M.A.N1.11A,1973-05,0.0452,
SU0022,BBIB1.M.DE.B.H.DNB.SPM.K3M.A.N1.11A,1973-06,,No value available
SU0022,BBIB1.M.DE.B.H.DNB.SPM.K3M.A.N1.11A,1973-07,0.055099999999999996,
SU0022,BBIB1.M.DE.B.H.DNB.SPM.K3M.A.N1.11A,1973-08,0.055099999999999996,
SU0022,BBIB1.M.DE.B.H.DNB.SPM.K3M.A.N1.11A,1973-09,,No value available
SU0022,BBIB1.M.DE.B.H.DNB.SPM.K3M.A.N1.11A,1973-10,,No value available
SU0022,BBIB1.M.DE.B.H.DNB.SPM.K3M.A.N1.11A,1973-11,0.055099999999999996,
SU0022,BBIB1.M.DE.B.H.DNB.SPM.K3M.A.N1.11A,1973-12,,No value available
SU0022,BBIB1.M.DE.B.H.DNB.SPM.K3M.A.N1.11A,1974-01,,No value available
SU0022,BBIB1.M.DE.B.H.DNB.SPM.K3M.A.N1.11A,1974-02,0.055099999999999996,
SU0022,BBIB1.M.DE.B.H.DNB.SPM.K3M.A.N1.11A,1974-03,,No value available
SU0022,BBIB1.M.DE.B.H.DNB.SPM.K3M.A.N1.11A,1974-04,,No value available
SU0022,BBIB1.M.DE.B.H.DNB.SPM.K3M.A.N1.11A,1974-05,0.055099999999999996,
SU0022,BBIB1.M.DE.B.H.DNB.SPM.K3M.A.N1.11A,1974-06,,No value available
SU0022,BBIB1.M.DE.B.H.DNB.SPM.K3M.A.N1.11A,1974-07,,No value available
SU0022,BBIB1.M.DE.B.H.DNB.SPM.K3M.A.N1.11A,1974-08,0.055099999999999996,
SU0022,BBIB1.M.DE.B.H.DNB.SPM.K3M.A.N1.11A,1974-09,,No value available
SU0022,BBIB1.M.DE.B.H.DNB.SPM.K3M.A.N1.11A,1974-10,,No value available
SU0022,BBIB1.M.DE.B.H.DNB.SPM.K3M.A.N1.11A,1974-11,0.055099999999999996,
SU0022,BBIB1.M.DE.B.H.DNB.SPM.K3M.A.N1.11A,1974-12,,No value available
SU0022,BBIB1.M.DE.B.H.DNB.SPM.K3M.A.N1.11A,1975-01,,No value available
SU0022,BBIB1.M.DE.B.H.DNB.SPM.K3M.A.N1.11A,1975-02,0.0519,
SU0022,BBIB1.M.DE.B.H.DNB.SPM.K3M.A.N1.11A,1975-03,0.050300000000000004,
SU0022,BBIB1.M.DE.B.H.DNB.SPM.K3M.A.N1.11A,1975-04,0.0501,
SU0022,BBIB1.M.DE.B.H.DNB.SPM.K3M.A.N1.11A,1975-05,0.0453,
SU0022,BBIB1.M.DE.B.H.DNB.SPM.K3M.A.N1.11A,1975-06,0.0414,
SU0022,BBIB1.M.DE.B.H.DNB.SPM.K3M.A.N1.11A,1975-07,0.04019999999999999,
SU0022,BBIB1.M.DE.B.H.DNB.SPM.K3M.A.N1.11A,1975-08,0.0401,
SU0022,BBIB1.M.DE.B.H.DNB.SPM.K3M.A.N1.11A,1975-09,0.0401,
SU0022,BBIB1.M.DE.B.H.DNB.SPM.K3M.A.N1.11A,1975-10,0.04,
SU0022,BBIB1.M.DE.B.H.DNB.SPM.K3M.A.N1.11A,1975-11,0.04,
SU0022,BBIB1.M.DE.B.H.DNB.SPM.K3M.A.N1.11A,1975-12,0.04,
SU0022,BBIB1.M.DE.B.H.DNB.SPM.K3M.A.N1.11A,1976-01,0.04,
SU0022,BBIB1.M.DE.B.H.DNB.SPM.K3M.A.N1.11A,1976-02,0.04,
SU0022,BBIB1.M.DE.B.H.DNB.SPM.K3M.A.N1.11A,1976-03,0.04,
SU0022,BBIB1.M.DE.B.H.DNB.SPM.K3M.A.N1.11A,1976-04,0.0351,
SU0022,BBIB1.M.DE.B.H.DNB.SPM.K3M.A.N1.11A,1976-05,0.0351,
SU0022,BBIB1.M.DE.B.H.DNB.SPM.K3M.A.N1.11A,1976-06,0.0351,
SU0022,BBIB1.M.DE.B.H.DNB.SPM.K3M.A.N1.11A,1976-07,0.035,
SU0022,BBIB1.M.DE.B.H.DNB.SPM.K3M.A.N1.11A,1976-08,0.0351,
SU0022,BBIB1.M.DE.B.H.DNB.SPM.K3M.A.N1.11A,1976-09,0.0351,
SU0022,BBIB1.M.DE.B.H.DNB.SPM.K3M.A.N1.11A,1976-10,0.0351,
SU0022,BBIB1.M.DE.B.H.DNB.SPM.K3M.A.N1.11A,1976-11,0.0351,
SU0022,BBIB1.M.DE.B.H.DNB.SPM.K3M.A.N1.11A,1976-12,0.035,
SU0022,BBIB1.M.DE.B.H.DNB.SPM.K3M.A.N1.11A,1977-01,0.0351,
SU0022,BBIB1.M.DE.B.H.DNB.SPM.K3M.A.N1.11A,1977-02,0.035,
SU0022,BBIB1.M.DE.B.H.DNB.SPM.K3M.A.N1.11A,1977-03,0.035,
SU0022,BBIB1.M.DE.B.H.DNB.SPM.K3M.A.N1.11A,1977-04,0.030699999999999998,
SU0022,BBIB1.M.DE.B.H.DNB.SPM.K3M.A.N1.11A,1977-05,0.0301,
SU0022,BBIB1.M.DE.B.H.DNB.SPM.K3M.A.N1.11A,1977-06,0.03,
SU0022,BBIB1.M.DE.B.H.DNB.SPM.K3M.A.N1.11A,1977-07,0.03,
SU0022,BBIB1.M.DE.B.H.DNB.SPM.K3M.A.N1.11A,1977-08,0.03,
SU0022,BBIB1.M.DE.B.H.DNB.SPM.K3M.A.N1.11A,1977-09,0.0301,
SU0022,BBIB1.M.DE.B.H.DNB.SPM.K3M.A.N1.11A,1977-10,0.03,
SU0022,BBIB1.M.DE.B.H.DNB.SPM.K3M.A.N1.11A,1977-11,0.03,
SU0022,BBIB1.M.DE.B.H.DNB.SPM.K3M.A.N1.11A,1977-12,0.03,
SU0022,BBIB1.M.DE.B.H.DNB.SPM.K3M.A.N1.11A,1978-01,0.029300000000000003,
SU0022,BBIB1.M.DE.B.H.DNB.SPM.K3M.A.N1.11A,1978-02,0.0255,
SU0022,BBIB1.M.DE.B.H.DNB.SPM.K3M.A.N1.11A,1978-03,0.0252,
SU0022,BBIB1.M.DE.B.H.DNB.SPM.K3M.A.N1.11A,1978-04,0.0252,
SU0022,BBIB1.M.DE.B.H.DNB.SPM.K3M.A.N1.11A,1978-05,0.0252,
SU0022,BBIB1.M.DE.B.H.DNB.SPM.K3M.A.N1.11A,1978-06,0.025099999999999997,
SU0022,BBIB1.M.DE.B.H.DNB.SPM.K3M.A.N1.11A,1978-07,0.025099999999999997,
SU0022,BBIB1.M.DE.B.H.DNB.SPM.K3M.A.N1.11A,1978-08,0.025099999999999997,
SU0022,BBIB1.M.DE.B.H.DNB.SPM.K3M.A.N1.11A,1978-09,0.025099999999999997,
SU0022,BBIB1.M.DE.B.H.DNB.SPM.K3M.A.N1.11A,1978-10,0.025099999999999997,
SU0022,BBIB1.M.DE.B.H.DNB.SPM.K3M.A.N1.11A,1978-11,0.025099999999999997,
SU0022,BBIB1.M.DE.B.H.DNB.SPM.K3M.A.N1.11A,1978-12,0.025099999999999997,
SU0022,BBIB1.M.DE.B.H.DNB.SPM.K3M.A.N1.11A,1979-01,0.025099999999999997,
SU0022,BBIB1.M.DE.B.H.DNB.SPM.K3M.A.N1.11A,1979-02,0.025099999999999997,
SU0022,BBIB1.M.DE.B.H.DNB.SPM.K3M.A.N1.11A,1979-03,0.0262,
SU0022,BBIB1.M.DE.B.H.DNB.SPM.K3M.A.N1.11A,1979-04,0.03,
SU0022,BBIB1.M.DE.B.H.DNB.SPM.K3M.A.N1.11A,1979-05,0.03,
SU0022,BBIB1.M.DE.B.H.DNB.SPM.K3M.A.N1.11A,1979-06,0.03,
SU0022,BBIB1.M.DE.B.H.DNB.SPM.K3M.A.N1.11A,1979-07,0.03,
SU0022,BBIB1.M.DE.B.H.DNB.SPM.K3M.A.N1.11A,1979-08,0.0333,
SU0022,BBIB1.M.DE.B.H.DNB.SPM.K3M.A.N1.11A,1979-09,0.035,
SU0022,BBIB1.M.DE.B.H.DNB.SPM.K3M.A.N1.11A,1979-10,0.035,
SU0022,BBIB1.M.DE.B.H.DNB.SPM.K3M.A.N1.11A,1979-11,0.0377,
SU0022,BBIB1.M.DE.B.H.DNB.SPM.K3M.A.N1.11A,1979-12,0.04,
SU0022,BBIB1.M.DE.B.H.DNB.SPM.K3M.A.N1.11A,1980-01,0.04,
SU0022,BBIB1.M.DE.B.H.DNB.SPM.K3M.A.N1.11A,1980-02,0.04,
SU0022,BBIB1.M.DE.B.H.DNB.SPM.K3M.A.N1.11A,1980-03,0.04769999999999999,
SU0022,BBIB1.M.DE.B.H.DNB.SPM.K3M.A.N1.11A,1980-04,0.05,
SU0022,BBIB1.M.DE.B.H.DNB.SPM.K3M.A.N1.11A,1980-05,0.05,
SU0022,BBIB1.M.DE.B.H.DNB.SPM.K3M.A.N1.11A,1980-06,0.05,
SU0022,BBIB1.M.DE.B.H.DNB.SPM.K3M.A.N1.11A,1980-07,0.05,
SU0022,BBIB1.M.DE.B.H.DNB.SPM.K3M.A.N1.11A,1980-08,0.049100000000000005,
SU0022,BBIB1.M.DE.B.H.DNB.SPM.K3M.A.N1.11A,1980-09,0.0452,
SU0022,BBIB1.M.DE.B.H.DNB.SPM.K3M.A.N1.11A,1980-10,0.0451,
SU0022,BBIB1.M.DE.B.H.DNB.SPM.K3M.A.N1.11A,1980-11,0.0451,
SU0022,BBIB1.M.DE.B.H.DNB.SPM.K3M.A.N1.11A,1980-12,0.0451,
SU0022,BBIB1.M.DE.B.H.DNB.SPM.K3M.A.N1.11A,1981-01,0.0451,
SU0022,BBIB1.M.DE.B.H.DNB.SPM.K3M.A.N1.11A,1981-02,0.0452,
SU0022,BBIB1.M.DE.B.H.DNB.SPM.K3M.A.N1.11A,1981-03,0.049699999999999994,
SU0022,BBIB1.M.DE.B.H.DNB.SPM.K3M.A.N1.11A,1981-04,0.05,
SU0022,BBIB1.M.DE.B.H.DNB.SPM.K3M.A.N1.11A,1981-05,0.05,
SU0022,BBIB1.M.DE.B.H.DNB.SPM.K3M.A.N1.11A,1981-06,0.05,
SU0022,BBIB1.M.DE.B.H.DNB.SPM.K3M.A.N1.11A,1981-07,0.05,
SU0022,BBIB1.M.DE.B.H.DNB.SPM.K3M.A.N1.11A,1981-08,0.05,
SU0022,BBIB1.M.DE.B.H.DNB.SPM.K3M.A.N1.11A,1981-09,0.05,
SU0022,BBIB1.M.DE.B.H.DNB.SPM.K3M.A.N1.11A,1981-10,0.05,
SU0022,BBIB1.M.DE.B.H.DNB.SPM.K3M.A.N1.11A,1981-11,0.05,
SU0022,BBIB1.M.DE.B.H.DNB.SPM.K3M.A.N1.11A,1981-12,0.05,
SU0022,BBIB1.M.DE.B.H.DNB.SPM.K3M.A.N1.11A,1982-01,0.05,
SU0022,BBIB1.M.DE.B.H.DNB.SPM.K3M.A.N1.11A,1982-02,0.05,
SU0022,BBIB1.M.DE.B.H.DNB.SPM.K3M.A.N1.11A,1982-03,0.05,
SU0022,BBIB1.M.DE.B.H.DNB.SPM.K3M.A.N1.11A,1982-04,0.05,
SU0022,BBIB1.M.DE.B.H.DNB.SPM.K3M.A.N1.11A,1982-05,0.05,
SU0022,BBIB1.M.DE.B.H.DNB.SPM.K3M.A.N1.11A,1982-06,0.05,
SU0022,BBIB1.M.DE.B.H.DNB.SPM.K3M.A.N1.11A,1982-07,0.05,
SU0022,BBIB1.M.DE.B.H.DNB.SPM.K3M.A.N1.11A,1982-08,0.05,
SU0022,BBIB1.M.DE.B.H.DNB.SPM.K3M.A.N1.11A,1982-09,0.049699999999999994,
SU0022,BBIB1.M.DE.B.H.DNB.SPM.K3M.A.N1.11A,1982-10,0.048799999999999996,
SU0022,BBIB1.M.DE.B.H.DNB.SPM.K3M.A.N1.11A,1982-11,0.0435,
SU0022,BBIB1.M.DE.B.H.DNB.SPM.K3M.A.N1.11A,1982-12,0.04019999999999999,
SU0022,BBIB1.M.DE.B.H.DNB.SPM.K3M.A.N1.11A,1983-01,0.04,
SU0022,BBIB1.M.DE.B.H.DNB.SPM.K3M.A.N1.11A,1983-02,0.04,
SU0022,BBIB1.M.DE.B.H.DNB.SPM.K3M.A.N1.11A,1983-03,0.04,
SU0022,BBIB1.M.DE.B.H.DNB.SPM.K3M.A.N1.11A,1983-04,0.0305,
SU0022,BBIB1.M.DE.B.H.DNB.SPM.K3M.A.N1.11A,1983-05,0.0301,
SU0022,BBIB1.M.DE.B.H.DNB.SPM.K3M.A.N1.11A,1983-06,0.0301,
SU0022,BBIB1.M.DE.B.H.DNB.SPM.K3M.A.N1.11A,1983-07,0.0301,
SU0022,BBIB1.M.DE.B.H.DNB.SPM.K3M.A.N1.11A,1983-08,0.0301,
SU0022,BBIB1.M.DE.B.H.DNB.SPM.K3M.A.N1.11A,1983-09,0.0301,
SU0022,BBIB1.M.DE.B.H.DNB.SPM.K3M.A.N1.11A,1983-10,0.0301,
SU0022,BBIB1.M.DE.B.H.DNB.SPM.K3M.A.N1.11A,1983-11,0.0301,
SU0022,BBIB1.M.DE.B.H.DNB.SPM.K3M.A.N1.11A,1983-12,0.0301,
SU0022,BBIB1.M.DE.B.H.DNB.SPM.K3M.A.N1.11A,1984-01,0.0301,
SU0022,BBIB1.M.DE.B.H.DNB.SPM.K3M.A.N1.11A,1984-02,0.0301,
SU0022,BBIB1.M.DE.B.H.DNB.SPM.K3M.A.N1.11A,1984-03,0.0301,
SU0022,BBIB1.M.DE.B.H.DNB.SPM.K3M.A.N1.11A,1984-04,0.0301,
SU0022,BBIB1.M.DE.B.H.DNB.SPM.K3M.A.N1.11A,1984-05,0.0301,
SU0022,BBIB1.M.DE.B.H.DNB.SPM.K3M.A.N1.11A,1984-06,0.0301,
SU0022,BBIB1.M.DE.B.H.DNB.SPM.K3M.A.N1.11A,1984-07,0.0301,
SU0022,BBIB1.M.DE.B.H.DNB.SPM.K3M.A.N1.11A,1984-08,0.0301,
SU0022,BBIB1.M.DE.B.H.DNB.SPM.K3M.A.N1.11A,1984-09,0.0301,
SU0022,BBIB1.M.DE.B.H.DNB.SPM.K3M.A.N1.11A,1984-10,0.0301,
SU0022,BBIB1.M.DE.B.H.DNB.SPM.K3M.A.N1.11A,1984-11,0.0301,
SU0022,BBIB1.M.DE.B.H.DNB.SPM.K3M.A.N1.11A,1984-12,0.0301,
SU0022,BBIB1.M.DE.B.H.DNB.SPM.K3M.A.N1.11A,1985-01,0.03,
SU0022,BBIB1.M.DE.B.H.DNB.SPM.K3M.A.N1.11A,1985-02,0.0301,
SU0022,BBIB1.M.DE.B.H.DNB.SPM.K3M.A.N1.11A,1985-03,0.03,
SU0022,BBIB1.M.DE.B.H.DNB.SPM.K3M.A.N1.11A,1985-04,0.03,
SU0022,BBIB1.M.DE.B.H.DNB.SPM.K3M.A.N1.11A,1985-05,0.0301,
SU0022,BBIB1.M.DE.B.H.DNB.SPM.K3M.A.N1.11A,1985-06,0.0301,
SU0022,BBIB1.M.DE.B.H.DNB.SPM.K3M.A.N1.11A,1985-07,0.0301,
SU0022,BBIB1.M.DE.B.H.DNB.SPM.K3M.A.N1.11A,1985-08,0.03,
SU0022,BBIB1.M.DE.B.H.DNB.SPM.K3M.A.N1.11A,1985-09,0.0285,
SU0022,BBIB1.M.DE.B.H.DNB.SPM.K3M.A.N1.11A,1985-10,0.0262,
SU0022,BBIB1.M.DE.B.H.DNB.SPM.K3M.A.N1.11A,1985-11,0.0253,
SU0022,BBIB1.M.DE.B.H.DNB.SPM.K3M.A.N1.11A,1985-12,0.0253,
SU0022,BBIB1.M.DE.B.H.DNB.SPM.K3M.A.N1.11A,1986-01,0.0252,
SU0022,BBIB1.M.DE.B.H.DNB.SPM.K3M.A.N1.11A,1986-02,0.0252,
SU0022,BBIB1.M.DE.B.H.DNB.SPM.K3M.A.N1.11A,1986-03,0.025099999999999997,
SU0022,BBIB1.M.DE.B.H.DNB.SPM.K3M.A.N1.11A,1986-04,0.025099999999999997,
SU0022,BBIB1.M.DE.B.H.DNB.SPM.K3M.A.N1.11A,1986-05,0.025099999999999997,
SU0022,BBIB1.M.DE.B.H.DNB.SPM.K3M.A.N1.11A,1986-06,0.025,
SU0022,BBIB1.M.DE.B.H.DNB.SPM.K3M.A.N1.11A,1986-07,0.025,
SU0022,BBIB1.M.DE.B.H.DNB.SPM.K3M.A.N1.11A,1986-08,0.024900000000000002,
SU0022,BBIB1.M.DE.B.H.DNB.SPM.K3M.A.N1.11A,1986-09,0.024900000000000002,
SU0022,BBIB1.M.DE.B.H.DNB.SPM.K3M.A.N1.11A,1986-10,0.024900000000000002,
SU0022,BBIB1.M.DE.B.H.DNB.SPM.K3M.A.N1.11A,1986-11,0.025,
SU0022,BBIB1.M.DE.B.H.DNB.SPM.K3M.A.N1.11A,1986-12,0.025,
SU0022,BBIB1.M.DE.B.H.DNB.SPM.K3M.A.N1.11A,1987-01,0.025,
SU0022,BBIB1.M.DE.B.H.DNB.SPM.K3M.A.N1.11A,1987-02,0.0242,
SU0022,BBIB1.M.DE.B.H.DNB.SPM.K3M.A.N1.11A,1987-03,0.0222,
SU0022,BBIB1.M.DE.B.H.DNB.SPM.K3M.A.N1.11A,1987-04,0.0204,
SU0022,BBIB1.M.DE.B.H.DNB.SPM.K3M.A.N1.11A,1987-05,0.0202,
SU0022,BBIB1.M.DE.B.H.DNB.SPM.K3M.A.N1.11A,1987-06,0.0202,
SU0022,BBIB1.M.DE.B.H.DNB.SPM.K3M.A.N1.11A,1987-07,0.0202,
SU0022,BBIB1.M.DE.B.H.DNB.SPM.K3M.A.N1.11A,1987-08,0.020099999999999996,
SU0022,BBIB1.M.DE.B.H.DNB.SPM.K3M.A.N1.11A,1987-09,0.020099999999999996,
SU0022,BBIB1.M.DE.B.H.DNB.SPM.K3M.A.N1.11A,1987-10,0.020099999999999996,
SU0022,BBIB1.M.DE.B.H.DNB.SPM.K3M.A.N1.11A,1987-11,0.020099999999999996,
SU0022,BBIB1.M.DE.B.H.DNB.SPM.K3M.A.N1.11A,1987-12,0.020099999999999996,
SU0022,BBIB1.M.DE.B.H.DNB.SPM.K3M.A.N1.11A,1988-01,0.020099999999999996,
SU0022,BBIB1.M.DE.B.H.DNB.SPM.K3M.A.N1.11A,1988-02,0.02,
SU0022,BBIB1.M.DE.B.H.DNB.SPM.K3M.A.N1.11A,1988-03,0.02,
SU0022,BBIB1.M.DE.B.H.DNB.SPM.K3M.A.N1.11A,1988-04,0.020099999999999996,
SU0022,BBIB1.M.DE.B.H.DNB.SPM.K3M.A.N1.11A,1988-05,0.02,
SU0022,BBIB1.M.DE.B.H.DNB.SPM.K3M.A.N1.11A,1988-06,0.02,
SU0022,BBIB1.M.DE.B.H.DNB.SPM.K3M.A.N1.11A,1988-07,0.02,
SU0022,BBIB1.M.DE.B.H.DNB.SPM.K3M.A.N1.11A,1988-08,0.020099999999999996,
SU0022,BBIB1.M.DE.B.H.DNB.SPM.K3M.A.N1.11A,1988-09,0.0202,
SU0022,BBIB1.M.DE.B.H.DNB.SPM.K3M.A.N1.11A,1988-10,0.0202,
SU0022,BBIB1.M.DE.B.H.DNB.SPM.K3M.A.N1.11A,1988-11,0.0202,
SU0022,BBIB1.M.DE.B.H.DNB.SPM.K3M.A.N1.11A,1988-12,0.020099999999999996,
SU0022,BBIB1.M.DE.B.H.DNB.SPM.K3M.A.N1.11A,1989-01,0.020099999999999996,
SU0022,BBIB1.M.DE.B.H.DNB.SPM.K3M.A.N1.11A,1989-02,0.0204,
SU0022,BBIB1.M.DE.B.H.DNB.SPM.K3M.A.N1.11A,1989-03,0.023399999999999997,
SU0022,BBIB1.M.DE.B.H.DNB.SPM.K3M.A.N1.11A,1989-04,0.0242,
SU0022,BBIB1.M.DE.B.H.DNB.SPM.K3M.A.N1.11A,1989-05,0.024399999999999998,
SU0022,BBIB1.M.DE.B.H.DNB.SPM.K3M.A.N1.11A,1989-06,0.0245,
SU0022,BBIB1.M.DE.B.H.DNB.SPM.K3M.A.N1.11A,1989-07,0.0246,
SU0022,BBIB1.M.DE.B.H.DNB.SPM.K3M.A.N1.11A,1989-08,0.024700000000000003,
SU0022,BBIB1.M.DE.B.H.DNB.SPM.K3M.A.N1.11A,1989-09,0.024700000000000003,
SU0022,BBIB1.M.DE.B.H.DNB.SPM.K3M.A.N1.11A,1989-10,0.0255,
SU0022,BBIB1.M.DE.B.H.DNB.SPM.K3M.A.N1.11A,1989-11,0.0275,
SU0022,BBIB1.M.DE.B.H.DNB.SPM.K3M.A.N1.11A,1989-12,0.0279,
SU0022,BBIB1.M.DE.B.H.DNB.SPM.K3M.A.N1.11A,1990-01,0.0279,
SU0022,BBIB1.M.DE.B.H.DNB.SPM.K3M.A.N1.11A,1990-02,0.0282,
SU0022,BBIB1.M.DE.B.H.DNB.SPM.K3M.A.N1.11A,1990-03,0.0282,
SU0022,BBIB1.M.DE.B.H.DNB.SPM.K3M.A.N1.11A,1990-04,0.0282,
SU0022,BBIB1.M.DE.B.H.DNB.SPM.K3M.A.N1.11A,1990-05,0.0282,
SU0022,BBIB1.M.DE.B.H.DNB.SPM.K3M.A.N1.11A,1990-06,0.0281,
SU0022,BBIB1.M.DE.B.H.DNB.SPM.K3M.A.N1.11A,1990-07,0.0281,
SU0022,BBIB1.M.DE.B.H.DNB.SPM.K3M.A.N1.11A,1990-08,0.0281,
SU0022,BBIB1.M.DE.B.H.DNB.SPM.K3M.A.N1.11A,1990-09,0.0281,
SU0022,BBIB1.M.DE.B.H.DNB.SPM.K3M.A.N1.11A,1990-10,0.027999999999999997,
SU0022,BBIB1.M.DE.B.H.DNB.SPM.K3M.A.N1.11A,1990-11,0.027999999999999997,
SU0022,BBIB1.M.DE.B.H.DNB.SPM.K3M.A.N1.11A,1990-12,0.027999999999999997,
SU0022,BBIB1.M.DE.B.H.DNB.SPM.K3M.A.N1.11A,1991-01,0.0286,
SU0022,BBIB1.M.DE.B.H.DNB.SPM.K3M.A.N1.11A,1991-02,0.0286,
SU0022,BBIB1.M.DE.B.H.DNB.SPM.K3M.A.N1.11A,1991-03,0.0285,
SU0022,BBIB1.M.DE.B.H.DNB.SPM.K3M.A.N1.11A,1991-04,0.028399999999999998,
SU0022,BBIB1.M.DE.B.H.DNB.SPM.K3M.A.N1.11A,1991-05,0.028300000000000002,
SU0022,BBIB1.M.DE.B.H.DNB.SPM.K3M.A.N1.11A,1991-06,0.0282,
SU0022,BBIB1.M.DE.B.H.DNB.SPM.K3M.A.N1.11A,1991-07,0.027999999999999997,
SU0022,BBIB1.M.DE.B.H.DNB.SPM.K3M.A.N1.11A,1991-08,0.027999999999999997,
SU0022,BBIB1.M.DE.B.H.DNB.SPM.K3M.A.N1.11A,1991-09,0.0281,
SU0022,BBIB1.M.DE.B.H.DNB.SPM.K3M.A.N1.11A,1991-10,0.0281,
SU0022,BBIB1.M.DE.B.H.DNB.SPM.K3M.A.N1.11A,1991-11,0.0281,
SU0022,BBIB1.M.DE.B.H.DNB.SPM.K3M.A.N1.11A,1991-12,0.0281,
SU0022,BBIB1.M.DE.B.H.DNB.SPM.K3M.A.N1.11A,1992-01,0.0281,
SU0022,BBIB1.M.DE.B.H.DNB.SPM.K3M.A.N1.11A,1992-02,0.0281,
SU0022,BBIB1.M.DE.B.H.DNB.SPM.K3M.A.N1.11A,1992-03,0.0281,
SU0022,BBIB1.M.DE.B.H.DNB.SPM.K3M.A.N1.11A,1992-04,0.027999999999999997,
SU0022,BBIB1.M.DE.B.H.DNB.SPM.K3M.A.N1.11A,1992-05,0.027999999999999997,
SU0022,BBIB1.M.DE.B.H.DNB.SPM.K3M.A.N1.11A,1992-06,0.027999999999999997,
SU0022,BBIB1.M.DE.B.H.DNB.SPM.K3M.A.N1.11A,1992-07,0.027999999999999997,
SU0022,BBIB1.M.DE.B.H.DNB.SPM.K3M.A.N1.11A,1992-08,0.028300000000000002,
SU0022,BBIB1.M.DE.B.H.DNB.SPM.K3M.A.N1.11A,1992-09,0.028300000000000002,
SU0022,BBIB1.M.DE.B.H.DNB.SPM.K3M.A.N1.11A,1992-10,0.0282,
SU0022,BBIB1.M.DE.B.H.DNB.SPM.K3M.A.N1.11A,1992-11,0.0282,
SU0022,BBIB1.M.DE.B.H.DNB.SPM.K3M.A.N1.11A,1992-12,0.0282,
SU0022,BBIB1.M.DE.B.H.DNB.SPM.K3M.A.N1.11A,1993-01,0.0282,
SU0022,BBIB1.M.DE.B.H.DNB.SPM.K3M.A.N1.11A,1993-02,0.027999999999999997,
SU0022,BBIB1.M.DE.B.H.DNB.SPM.K3M.A.N1.11A,1993-03,0.0276,
SU0022,BBIB1.M.DE.B.H.DNB.SPM.K3M.A.N1.11A,1993-04,0.027200000000000002,
SU0022,BBIB1.M.DE.B.H.DNB.SPM.K3M.A.N1.11A,1993-05,0.0265,
SU0022,BBIB1.M.DE.B.H.DNB.SPM.K3M.A.N1.11A,1993-06,0.026000000000000002,
SU0022,BBIB1.M.DE.B.H.DNB.SPM.K3M.A.N1.11A,1993-07,0.0253,
SU0022,BBIB1.M.DE.B.H.DNB.SPM.K3M.A.N1.11A,1993-08,0.0246,
SU0022,BBIB1.M.DE.B.H.DNB.SPM.K3M.A.N1.11A,1993-09,0.0239,
SU0022,BBIB1.M.DE.B.H.DNB.SPM.K3M.A.N1.11A,1993-10,0.0231,
SU0022,BBIB1.M.DE.B.H.DNB.SPM.K3M.A.N1.11A,1993-11,0.0223,
SU0022,BBIB1.M.DE.B.H.DNB.SPM.K3M.A.N1.11A,1993-12,0.022099999999999998,
SU0022,BBIB1.M.DE.B.H.DNB.SPM.K3M.A.N1.11A,1994-01,0.0216,
SU0022,BBIB1.M.DE.B.H.DNB.SPM.K3M.A.N1.11A,1994-02,0.021400000000000002,
SU0022,BBIB1.M.DE.B.H.DNB.SPM.K3M.A.N1.11A,1994-03,0.0212,
SU0022,BBIB1.M.DE.B.H.DNB.SPM.K3M.A.N1.11A,1994-04,0.021099999999999997,
SU0022,BBIB1.M.DE.B.H.DNB.SPM.K3M.A.N1.11A,1994-05,0.021,
SU0022,BBIB1.M.DE.B.H.DNB.SPM.K3M.A.N1.11A,1994-06,0.0208,
SU0022,BBIB1.M.DE.B.H.DNB.SPM.K3M.A.N1.11A,1994-07,0.0208,
SU0022,BBIB1.M.DE.B.H.DNB.SPM.K3M.A.N1.11A,1994-08,0.0207,
SU0022,BBIB1.M.DE.B.H.DNB.SPM.K3M.A.N1.11A,1994-09,0.0207,
SU0022,BBIB1.M.DE.B.H.DNB.SPM.K3M.A.N1.11A,1994-10,0.0207,
SU0022,BBIB1.M.DE.B.H.DNB.SPM.K3M.A.N1.11A,1994-11,0.0207,
SU0022,BBIB1.M.DE.B.H.DNB.SPM.K3M.A.N1.11A,1994-12,0.0207,
SU0022,BBIB1.M.DE.B.H.DNB.SPM.K3M.A.N1.11A,1995-01,0.0206,
SU0022,BBIB1.M.DE.B.H.DNB.SPM.K3M.A.N1.11A,1995-02,0.020499999999999997,
SU0022,BBIB1.M.DE.B.H.DNB.SPM.K3M.A.N1.11A,1995-03,0.0206,
SU0022,BBIB1.M.DE.B.H.DNB.SPM.K3M.A.N1.11A,1995-04,0.020499999999999997,
SU0022,BBIB1.M.DE.B.H.DNB.SPM.K3M.A.N1.11A,1995-05,0.0204,
SU0022,BBIB1.M.DE.B.H.DNB.SPM.K3M.A.N1.11A,1995-06,0.0204,
SU0022,BBIB1.M.DE.B.H.DNB.SPM.K3M.A.N1.11A,1995-07,0.0204,
SU0022,BBIB1.M.DE.B.H.DNB.SPM.K3M.A.N1.11A,1995-08,0.0204,
SU0022,BBIB1.M.DE.B.H.DNB.SPM.K3M.A.N1.11A,1995-09,0.0203,
SU0022,BBIB1.M.DE.B.H.DNB.SPM.K3M.A.N1.11A,1995-10,0.0203,
SU0022,BBIB1.M.DE.B.H.DNB.SPM.K3M.A.N1.11A,1995-11,0.0203,
SU0022,BBIB1.M.DE.B.H.DNB.SPM.K3M.A.N1.11A,1995-12,0.0202,
SU0022,BBIB1.M.DE.B.H.DNB.SPM.K3M.A.N1.11A,1996-01,0.0202,
SU0022,BBIB1.M.DE.B.H.DNB.SPM.K3M.A.N1.11A,1996-02,0.0202,
SU0022,BBIB1.M.DE.B.H.DNB.SPM.K3M.A.N1.11A,1996-03,0.020099999999999996,
SU0022,BBIB1.M.DE.B.H.DNB.SPM.K3M.A.N1.11A,1996-04,0.0202,
SU0022,BBIB1.M.DE.B.H.DNB.SPM.K3M.A.N1.11A,1996-05,0.020099999999999996,
SU0022,BBIB1.M.DE.B.H.DNB.SPM.K3M.A.N1.11A,1996-06,0.020099999999999996,
SU0022,BBIB1.M.DE.B.H.DNB.SPM.K3M.A.N1.11A,1996-07,0.02,
SU0022,BBIB1.M.DE.B.H.DNB.SPM.K3M.A.N1.11A,1996-08,0.0199,
SU0022,BBIB1.M.DE.B.H.DNB.SPM.K3M.A.N1.11A,1996-09,0.019799999999999998,
SU0022,BBIB1.M.DE.B.H.DNB.SPM.K3M.A.N1.11A,1996-10,0.0196,
SU0022,BBIB1.M.DE.B.H.DNB.SPM.K3M.A.N1.11A,1996-11,0.0195,
SU0022,BBIB1.M.DE.B.H.DNB.SPM.K3M.A.N1.11A,1996-12,0.0194,
SU0022,BBIB1.M.DE.B.H.DNB.SPM.K3M.A.N1.11A,1997-01,0.0191,
SU0022,BBIB1.M.DE.B.H.DNB.SPM.K3M.A.N1.11A,1997-02,0.018600000000000002,
SU0022,BBIB1.M.DE.B.H.DNB.SPM.K3M.A.N1.11A,1997-03,0.0179,
SU0022,BBIB1.M.DE.B.H.DNB.SPM.K3M.A.N1.11A,1997-04,0.0175,
SU0022,BBIB1.M.DE.B.H.DNB.SPM.K3M.A.N1.11A,1997-05,0.0172,
SU0022,BBIB1.M.DE.B.H.DNB.SPM.K3M.A.N1.11A,1997-06,0.017,
SU0022,BBIB1.M.DE.B.H.DNB.SPM.K3M.A.N1.11A,1997-07,0.0167,
SU0022,BBIB1.M.DE.B.H.DNB.SPM.K3M.A.N1.11A,1997-08,0.0163,
SU0022,BBIB1.M.DE.B.H.DNB.SPM.K3M.A.N1.11A,1997-09,0.0163,
SU0022,BBIB1.M.DE.B.H.DNB.SPM.K3M.A.N1.11A,1997-10,0.016200000000000003,
SU0022,BBIB1.M.DE.B.H.DNB.SPM.K3M.A.N1.11A,1997-11,0.016200000000000003,
SU0022,BBIB1.M.DE.B.H.DNB.SPM.K3M.A.N1.11A,1997-12,0.016200000000000003,
SU0022,BBIB1.M.DE.B.H.DNB.SPM.K3M.A.N1.11A,1998-01,0.0161,
SU0022,BBIB1.M.DE.B.H.DNB.SPM.K3M.A.N1.11A,1998-02,0.016,
SU0022,BBIB1.M.DE.B.H.DNB.SPM.K3M.A.N1.11A,1998-03,0.0159,
SU0022,BBIB1.M.DE.B.H.DNB.SPM.K3M.A.N1.11A,1998-04,0.0158,
SU0022,BBIB1.M.DE.B.H.DNB.SPM.K3M.A.N1.11A,1998-05,0.015700000000000002,
SU0022,BBIB1.M.DE.B.H.DNB.SPM.K3M.A.N1.11A,1998-06,0.015700000000000002,
SU0022,BBIB1.M.DE.B.H.DNB.SPM.K3M.A.N1.11A,1998-07,0.015600000000000001,
SU0022,BBIB1.M.DE.B.H.DNB.SPM.K3M.A.N1.11A,1998-08,0.0155,
SU0022,BBIB1.M.DE.B.H.DNB.SPM.K3M.A.N1.11A,1998-09,0.0154,
SU0022,BBIB1.M.DE.B.H.DNB.SPM.K3M.A.N1.11A,1998-10,0.015300000000000001,
SU0022,BBIB1.M.DE.B.H.DNB.SPM.K3M.A.N1.11A,1998-11,0.0152,
SU0022,BBIB1.M.DE.B.H.DNB.SPM.K3M.A.N1.11A,1998-12,0.0151,
SU0022,BBIB1.M.DE.B.H.DNB.SPM.K3M.A.N1.11A,1999-01,0.0149,
SU0022,BBIB1.M.DE.B.H.DNB.SPM.K3M.A.N1.11A,1999-02,0.014499999999999999,
SU0022,BBIB1.M.DE.B.H.DNB.SPM.K3M.A.N1.11A,1999-03,0.0141,
SU0022,BBIB1.M.DE.B.H.DNB.SPM.K3M.A.N1.11A,1999-04,0.0137,
SU0022,BBIB1.M.DE.B.H.DNB.SPM.K3M.A.N1.11A,1999-05,0.0128,
SU0022,BBIB1.M.DE.B.H.DNB.SPM.K3M.A.N1.11A,1999-06,0.0126,
SU0022,BBIB1.M.DE.B.H.DNB.SPM.K3M.A.N1.11A,1999-07,0.0124,
SU0022,BBIB1.M.DE.B.H.DNB.SPM.K3M.A.N1.11A,1999-08,0.0123,
SU0022,BBIB1.M.DE.B.H.DNB.SPM.K3M.A.N1.11A,1999-09,0.0123,
SU0022,BBIB1.M.DE.B.H.DNB.SPM.K3M.A.N1.11A,1999-10,0.0123,
SU0022,BBIB1.M.DE.B.H.DNB.SPM.K3M.A.N1.11A,1999-11,0.0124,
SU0022,BBIB1.M.DE.B.H.DNB.SPM.K3M.A.N1.11A,1999-12,0.0124,
SU0022,BBIB1.M.DE.B.H.DNB.SPM.K3M.A.N1.11A,2000-01,0.0124,
SU0022,BBIB1.M.DE.B.H.DNB.SPM.K3M.A.N1.11A,2000-02,0.0124,
SU0022,BBIB1.M.DE.B.H.DNB.SPM.K3M.A.N1.11A,2000-03,0.0124,
SU0022,BBIB1.M.DE.B.H.DNB.SPM.K3M.A.N1.11A,2000-04,0.0124,
SU0022,BBIB1.M.DE.B.H.DNB.SPM.K3M.A.N1.11A,2000-05,0.0124,
SU0022,BBIB1.M.DE.B.H.DNB.SPM.K3M.A.N1.11A,2000-06,0.0124,
SU0022,BBIB1.M.DE.B.H.DNB.SPM.K3M.A.N1.11A,2000-07,0.0125,
SU0022,BBIB1.M.DE.B.H.DNB.SPM.K3M.A.N1.11A,2000-08,0.0125,
SU0022,BBIB1.M.DE.B.H.DNB.SPM.K3M.A.N1.11A,2000-09,0.0126,
SU0022,BBIB1.M.DE.B.H.DNB.SPM.K3M.A.N1.11A,2000-10,0.0125,
SU0022,BBIB1.M.DE.B.H.DNB.SPM.K3M.A.N1.11A,2000-11,0.0126,
SU0022,BBIB1.M.DE.B.H.DNB.SPM.K3M.A.N1.11A,2000-12,0.0125,
SU0022,BBIB1.M.DE.B.H.DNB.SPM.K3M.A.N1.11A,2001-01,0.0126,
SU0022,BBIB1.M.DE.B.H.DNB.SPM.K3M.A.N1.11A,2001-02,0.0125,
SU0022,BBIB1.M.DE.B.H.DNB.SPM.K3M.A.N1.11A,2001-03,0.0124,
SU0022,BBIB1.M.DE.B.H.DNB.SPM.K3M.A.N1.11A,2001-04,0.0123,
SU0022,BBIB1.M.DE.B.H.DNB.SPM.K3M.A.N1.11A,2001-05,0.0124,
SU0022,BBIB1.M.DE.B.H.DNB.SPM.K3M.A.N1.11A,2001-06,0.0121,
SU0022,BBIB1.M.DE.B.H.DNB.SPM.K3M.A.N1.11A,2001-07,0.012,
SU0022,BBIB1.M.DE.B.H.DNB.SPM.K3M.A.N1.11A,2001-08,0.0118,
SU0022,BBIB1.M.DE.B.H.DNB.SPM.K3M.A.N1.11A,2001-09,0.0116,
SU0022,BBIB1.M.DE.B.H.DNB.SPM.K3M.A.N1.11A,2001-10,0.011399999999999999,
SU0022,BBIB1.M.DE.B.H.DNB.SPM.K3M.A.N1.11A,2001-11,0.0111,
SU0022,BBIB1.M.DE.B.H.DNB.SPM.K3M.A.N1.11A,2001-12,0.0108,
SU0022,BBIB1.M.DE.B.H.DNB.SPM.K3M.A.N1.11A,2002-01,0.010700000000000001,
SU0022,BBIB1.M.DE.B.H.DNB.SPM.K3M.A.N1.11A,2002-02,0.0106,
SU0022,BBIB1.M.DE.B.H.DNB.SPM.K3M.A.N1.11A,2002-03,0.0105,
SU0022,BBIB1.M.DE.B.H.DNB.SPM.K3M.A.N1.11A,2002-04,0.0104,
SU0022,BBIB1.M.DE.B.H.DNB.SPM.K3M.A.N1.11A,2002-05,0.0104,
SU0022,BBIB1.M.DE.B.H.DNB.SPM.K3M.A.N1.11A,2002-06,0.0104,
SU0022,BBIB1.M.DE.B.H.DNB.SPM.K3M.A.N1.11A,2002-07,0.0103,
SU0022,BBIB1.M.DE.B.H.DNB.SPM.K3M.A.N1.11A,2002-08,0.0101,
SU0022,BBIB1.M.DE.B.H.DNB.SPM.K3M.A.N1.11A,2002-09,0.01,
SU0022,BBIB1.M.DE.B.H.DNB.SPM.K3M.A.N1.11A,2002-10,0.009899999999999999,
SU0022,BBIB1.M.DE.B.H.DNB.SPM.K3M.A.N1.11A,2002-11,0.009899999999999999,
SU0022,BBIB1.M.DE.B.H.DNB.SPM.K3M.A.N1.11A,2002-12,0.0096,
SU0022,BBIB1.M.DE.B.H.DNB.SPM.K3M.A.N1.11A,2003-01,0.0095,
SU0022,BBIB1.M.DE.B.H.DNB.SPM.K3M.A.N1.11A,2003-02,0.0091,
SU0022,BBIB1.M.DE.B.H.DNB.SPM.K3M.A.N1.11A,2003-03,0.0086,
SU0022,BBIB1.M.DE.B.H.DNB.SPM.K3M.A.N1.11A,2003-04,0.008,
SU0022,BBIB1.M.DE.B.H.DNB.SPM.K3M.A.N1.11A,2003-05,0.0078000000000000005,
SU0022,BBIB1.M.DE.B.H.DNB.SPM.K3M.A.N1.11A,2003-06,0.0070999999999999995,
SUD101,BBIM1.M.DE.B.L21.A.R.A.2250.EUR.N,2003-01,0.012,
SUD101,BBIM1.M.DE.B.L21.A.R.A.2250.EUR.N,2003-02,0.0125,
SUD101,BBIM1.M.DE.B.L21.A.R.A.2250.EUR.N,2003-03,0.0124,
SUD101,BBIM1.M.DE.B.L21.A.R.A.2250.EUR.N,2003-04,0.0121,
SUD101,BBIM1.M.DE.B.L21.A.R.A.2250.EUR.N,2003-05,0.012,
SUD101,BBIM1.M.DE.B.L21.A.R.A.2250.EUR.N,2003-06,0.0116,
SUD101,BBIM1.M.DE.B.L21.A.R.A.2250.EUR.N,2003-07,0.0106,
SUD101,BBIM1.M.DE.B.L21.A.R.A.2250.EUR.N,2003-08,0.0105,
SUD101,BBIM1.M.DE.B.L21.A.R.A.2250.EUR.N,2003-09,0.0106,
SUD101,BBIM1.M.DE.B.L21.A.R.A.2250.EUR.N,2003-10,0.010700000000000001,
SUD101,BBIM1.M.DE.B.L21.A.R.A.2250.EUR.N,2003-11,0.0106,
SUD101,BBIM1.M.DE.B.L21.A.R.A.2250.EUR.N,2003-12,0.0108,
SUD101,BBIM1.M.DE.B.L21.A.R.A.2250.EUR.N,2004-01,0.011000000000000001,
SUD101,BBIM1.M.DE.B.L21.A.R.A.2250.EUR.N,2004-02,0.011000000000000001,
SUD101,BBIM1.M.DE.B.L21.A.R.A.2250.EUR.N,2004-03,0.011200000000000002,
SUD101,BBIM1.M.DE.B.L21.A.R.A.2250.EUR.N,2004-04,0.0113,
SUD101,BBIM1.M.DE.B.L21.A.R.A.2250.EUR.N,2004-05,0.0113,
SUD101,BBIM1.M.DE.B.L21.A.R.A.2250.EUR.N,2004-06,0.0113,
SUD101,BBIM1.M.DE.B.L21.A.R.A.2250.EUR.N,2004-07,0.011399999999999999,
SUD101,BBIM1.M.DE.B.L21.A.R.A.2250.EUR.N,2004-08,0.0116,
SUD101,BBIM1.M.DE.B.L21.A.R.A.2250.EUR.N,2004-09,0.011699999999999999,
SUD101,BBIM1.M.DE.B.L21.A.R.A.2250.EUR.N,2004-10,0.011699999999999999,
SUD101,BBIM1.M.DE.B.L21.A.R.A.2250.EUR.N,2004-11,0.0115,
SUD101,BBIM1.M.DE.B.L21.A.R.A.2250.EUR.N,2004-12,0.011699999999999999,
SUD101,BBIM1.M.DE.B.L21.A.R.A.2250.EUR.N,2005-01,0.011899999999999999,
SUD101,BBIM1.M.DE.B.L21.A.R.A.2250.EUR.N,2005-02,0.012,
SUD101,BBIM1.M.DE.B.L21.A.R.A.2250.EUR.N,2005-03,0.0121,
SUD101,BBIM1.M.DE.B.L21.A.R.A.2250.EUR.N,2005-04,0.0121,
SUD101,BBIM1.M.DE.B.L21.A.R.A.2250.EUR.N,2005-05,0.0123,
SUD101,BBIM1.M.DE.B.L21.A.R.A.2250.EUR.N,2005-06,0.012199999999999999,
SUD101,BBIM1.M.DE.B.L21.A.R.A.2250.EUR.N,2005-07,0.011699999999999999,
SUD101,BBIM1.M.DE.B.L21.A.R.A.2250.EUR.N,2005-08,0.011699999999999999,
SUD101,BBIM1.M.DE.B.L21.A.R.A.2250.EUR.N,2005-09,0.0118,
SUD101,BBIM1.M.DE.B.L21.A.R.A.2250.EUR.N,2005-10,0.0118,
SUD101,BBIM1.M.DE.B.L21.A.R.A.2250.EUR.N,2005-11,0.011699999999999999,
SUD101,BBIM1.M.DE.B.L21.A.R.A.2250.EUR.N,2005-12,0.012,
SUD101,BBIM1.M.DE.B.L21.A.R.A.2250.EUR.N,2006-01,0.012199999999999999,
SUD101,BBIM1.M.DE.B.L21.A.R.A.2250.EUR.N,2006-02,0.0123,
SUD101,BBIM1.M.DE.B.L21.A.R.A.2250.EUR.N,2006-03,0.0126,
SUD101,BBIM1.M.DE.B.L21.A.R.A.2250.EUR.N,2006-04,0.0131,
SUD101,BBIM1.M.DE.B.L21.A.R.A.2250.EUR.N,2006-05,0.0134,
SUD101,BBIM1.M.DE.B.L21.A.R.A.2250.EUR.N,2006-06,0.013500000000000002,
SUD101,BBIM1.M.DE.B.L21.A.R.A.2250.EUR.N,2006-07,0.013600000000000001,
SUD101,BBIM1.M.DE.B.L21.A.R.A.2250.EUR.N,2006-08,0.0141,
SUD101,BBIM1.M.DE.B.L21.A.R.A.2250.EUR.N,2006-09,0.0143,
SUD101,BBIM1.M.DE.B.L21.A.R.A.2250.EUR.N,2006-10,0.0147,
SUD101,BBIM1.M.DE.B.L21.A.R.A.2250.EUR.N,2006-11,0.014499999999999999,
SUD101,BBIM1.M.DE.B.L21.A.R.A.2250.EUR.N,2006-12,0.0149,
SUD101,BBIM1.M.DE.B.L21.A.R.A.2250.EUR.N,2007-01,0.0158,
SUD101,BBIM1.M.DE.B.L21.A.R.A.2250.EUR.N,2007-02,0.0161,
SUD101,BBIM1.M.DE.B.L21.A.R.A.2250.EUR.N,2007-03,0.0163,
SUD101,BBIM1.M.DE.B.L21.A.R.A.2250.EUR.N,2007-04,0.0167,
SUD101,BBIM1.M.DE.B.L21.A.R.A.2250.EUR.N,2007-05,0.017,
SUD101,BBIM1.M.DE.B.L21.A.R.A.2250.EUR.N,2007-06,0.0173,
SUD101,BBIM1.M.DE.B.L21.A.R.A.2250.EUR.N,2007-07,0.0177,
SUD101,BBIM1.M.DE.B.L21.A.R.A.2250.EUR.N,2007-08,0.018500000000000003,
SUD101,BBIM1.M.DE.B.L21.A.R.A.2250.EUR.N,2007-09,0.018500000000000003,
SUD101,BBIM1.M.DE.B.L21.A.R.A.2250.EUR.N,2007-10,0.018600000000000002,
SUD101,BBIM1.M.DE.B.L21.A.R.A.2250.EUR.N,2007-11,0.0184,
SUD101,BBIM1.M.DE.B.L21.A.R.A.2250.EUR.N,2007-12,0.0183,
SUD101,BBIM1.M.DE.B.L21.A.R.A.2250.EUR.N,2008-01,0.0189,
SUD101,BBIM1.M.DE.B.L21.A.R.A.2250.EUR.N,2008-02,0.0189,
SUD101,BBIM1.M.DE.B.L21.A.R.A.2250.EUR.N,2008-03,0.019,
SUD101,BBIM1.M.DE.B.L21.A.R.A.2250.EUR.N,2008-04,0.0191,
SUD101,BBIM1.M.DE.B.L21.A.R.A.2250.EUR.N,2008-05,0.019,
SUD101,BBIM1.M.DE.B.L21.A.R.A.2250.EUR.N,2008-06,0.0191,
SUD101,BBIM1.M.DE.B.L21.A.R.A.2250.EUR.N,2008-07,0.0195,
SUD101,BBIM1.M.DE.B.L21.A.R.A.2250.EUR.N,2008-08,0.0199,
SUD101,BBIM1.M.DE.B.L21.A.R.A.2250.EUR.N,2008-09,0.020499999999999997,
SUD101,BBIM1.M.DE.B.L21.A.R.A.2250.EUR.N,2008-10,0.0209,
SUD101,BBIM1.M.DE.B.L21.A.R.A.2250.EUR.N,2008-11,0.0202,
SUD101,BBIM1.M.DE.B.L21.A.R.A.2250.EUR.N,2008-12,0.018500000000000003,
SUD101,BBIM1.M.DE.B.L21.A.R.A.2250.EUR.N,2009-01,0.0177,
SUD101,BBIM1.M.DE.B.L21.A.R.A.2250.EUR.N,2009-02,0.0155,
SUD101,BBIM1.M.DE.B.L21.A.R.A.2250.EUR.N,2009-03,0.0138,
SUD101,BBIM1.M.DE.B.L21.A.R.A.2250.EUR.N,2009-04,0.0113,
SUD101,BBIM1.M.DE.B.L21.A.R.A.2250.EUR.N,2009-05,0.0103,
SUD101,BBIM1.M.DE.B.L21.A.R.A.2250.EUR.N,2009-06,0.009399999999999999,
SUD101,BBIM1.M.DE.B.L21.A.R.A.2250.EUR.N,2009-07,0.0088,
SUD101,BBIM1.M.DE.B.L21.A.R.A.2250.EUR.N,2009-08,0.0084,
SUD101,BBIM1.M.DE.B.L21.A.R.A.2250.EUR.N,2009-09,0.008199999999999999,
SUD101,BBIM1.M.DE.B.L21.A.R.A.2250.EUR.N,2009-10,0.0079,
SUD101,BBIM1.M.DE.B.L21.A.R.A.2250.EUR.N,2009-11,0.0075,
SUD101,BBIM1.M.DE.B.L21.A.R.A.2250.EUR.N,2009-12,0.0075,
SUD101,BBIM1.M.DE.B.L21.A.R.A.2250.EUR.N,2010-01,0.0073,
SUD101,BBIM1.M.DE.B.L21.A.R.A.2250.EUR.N,2010-02,0.0070999999999999995,
SUD101,BBIM1.M.DE.B.L21.A.R.A.2250.EUR.N,2010-03,0.006999999999999999,
SUD101,BBIM1.M.DE.B.L21.A.R.A.2250.EUR.N,2010-04,0.0069,
SUD101,BBIM1.M.DE.B.L21.A.R.A.2250.EUR.N,2010-05,0.0069,
SUD101,BBIM1.M.DE.B.L21.A.R.A.2250.EUR.N,2010-06,0.0070999999999999995,comment
SUD101,BBIM1.M.DE.B.L21.A.R.A.2250.EUR.N,2010-07,0.0069,
SUD101,BBIM1.M.DE.B.L21.A.R.A.2250.EUR.N,2010-08,0.0069,
SUD101,BBIM1.M.DE.B.L21.A.R.A.2250.EUR.N,2010-09,0.0069,
SUD101,BBIM1.M.DE.B.L21.A.R.A.2250.EUR.N,2010-10,0.0069,
SUD101,BBIM1.M.DE.B.L21.A.R.A.2250.EUR.N,2010-11,0.0068000000000000005,
SUD101,BBIM1.M.DE.B.L21.A.R.A.2250.EUR.N,2010-12,0.0066,
SUD101,BBIM1.M.DE.B.L21.A.R.A.2250.EUR.N,2011-01,0.0067,
SUD101,BBIM1.M.DE.B.L21.A.R.A.2250.EUR.N,2011-02,0.0068000000000000005,
SUD101,BBIM1.M.DE.B.L21.A.R.A.2250.EUR.N,2011-03,0.006999999999999999,
SUD101,BBIM1.M.DE.B.L21.A.R.A.2250.EUR.N,2011-04,0.006999999999999999,
SUD101,BBIM1.M.DE.B.L21.A.R.A.2250.EUR.N,2011-05,0.0074,
SUD101,BBIM1.M.DE.B.L21.A.R.A.2250.EUR.N,2011-06,0.0076,
SUD101,BBIM1.M.DE.B.L21.A.R.A.2250.EUR.N,2011-07,0.008100000000000001,
SUD101,BBIM1.M.DE.B.L21.A.R.A.2250.EUR.N,2011-08,0.0084,
SUD101,BBIM1.M.DE.B.L21.A.R.A.2250.EUR.N,2011-09,0.0086,
SUD101,BBIM1.M.DE.B.L21.A.R.A.2250.EUR.N,2011-10,0.0086,
SUD101,BBIM1.M.DE.B.L21.A.R.A.2250.EUR.N,2011-11,0.0085,
SUD101,BBIM1.M.DE.B.L21.A.R.A.2250.EUR.N,2011-12,0.0085,
SUD101,BBIM1.M.DE.B.L21.A.R.A.2250.EUR.N,2012-01,0.0083,
SUD101,BBIM1.M.DE.B.L21.A.R.A.2250.EUR.N,2012-02,0.008100000000000001,
SUD101,BBIM1.M.DE.B.L21.A.R.A.2250.EUR.N,2012-03,0.0077,
SUD101,BBIM1.M.DE.B.L21.A.R.A.2250.EUR.N,2012-04,0.0075,
SUD101,BBIM1.M.DE.B.L21.A.R.A.2250.EUR.N,2012-05,0.0072,
SUD101,BBIM1.M.DE.B.L21.A.R.A.2250.EUR.N,2012-06,0.006999999999999999,
SUD101,BBIM1.M.DE.B.L21.A.R.A.2250.EUR.N,2012-07,0.006500000000000001,
SUD101,BBIM1.M.DE.B.L21.A.R.A.2250.EUR.N,2012-08,0.0060999999999999995,
SUD101,BBIM1.M.DE.B.L21.A.R.A.2250.EUR.N,2012-09,0.005699999999999999,
SUD101,BBIM1.M.DE.B.L21.A.R.A.2250.EUR.N,2012-10,0.0055000000000000005,
SUD101,BBIM1.M.DE.B.L21.A.R.A.2250.EUR.N,2012-11,0.0053,
SUD101,BBIM1.M.DE.B.L21.A.R.A.2250.EUR.N,2012-12,0.0051,
SUD101,BBIM1.M.DE.B.L21.A.R.A.2250.EUR.N,2013-01,0.0049,
SUD101,BBIM1.M.DE.B.L21.A.R.A.2250.EUR.N,2013-02,0.0046,
SUD101,BBIM1.M.DE.B.L21.A.R.A.2250.EUR.N,2013-03,0.0045000000000000005,
SUD101,BBIM1.M.DE.B.L21.A.R.A.2250.EUR.N,2013-04,0.0043,
SUD101,BBIM1.M.DE.B.L21.A.R.A.2250.EUR.N,2013-05,0.0040999999999999995,
SUD101,BBIM1.M.DE.B.L21.A.R.A.2250.EUR.N,2013-06,0.0039000000000000003,
SUD101,BBIM1.M.DE.B.L21.A.R.A.2250.EUR.N,2013-07,0.0038,
SUD101,BBIM1.M.DE.B.L21.A.R.A.2250.EUR.N,2013-08,0.0037,
SUD101,BBIM1.M.DE.B.L21.A.R.A.2250.EUR.N,2013-09,0.0037,
SUD101,BBIM1.M.DE.B.L21.A.R.A.2250.EUR.N,2013-10,0.0036,
SUD101,BBIM1.M.DE.B.L21.A.R.A.2250.EUR.N,2013-11,0.0034000000000000002,
SUD101,BBIM1.M.DE.B.L21.A.R.A.2250.EUR.N,2013-12,0.0034000000000000002,
SUD101,BBIM1.M.DE.B.L21.A.R.A.2250.EUR.N,2014-01,0.0033,
SUD101,BBIM1.M.DE.B.L21.A.R.A.2250.EUR.N,2014-02,0.0033,
SUD101,BBIM1.M.DE.B.L21.A.R.A.2250.EUR.N,2014-03,0.0033,
SUD101,BBIM1.M.DE.B.L21.A.R.A.2250.EUR.N,2014-04,0.0032,
SUD101,BBIM1.M.DE.B.L21.A.R.A.2250.EUR.N,2014-05,0.0032,
SUD101,BBIM1.M.DE.B.L21.A.R.A.2250.EUR.N,2014-06,0.0031,
SUD101,BBIM1.M.DE.B.L21.A.R.A.2250.EUR.N,2014-07,0.0026,
SUD101,BBIM1.M.DE.B.L21.A.R.A.2250.EUR.N,2014-08,0.0026,
SUD101,BBIM1.M.DE.B.L21.A.R.A.2250.EUR.N,2014-09,0.0025,
SUD101,BBIM1.M.DE.B.L21.A.R.A.2250.EUR.N,2014-10,0.0023,
SUD101,BBIM1.M.DE.B.L21.A.R.A.2250.EUR.N,2014-11,0.0023,
SUD101,BBIM1.M.DE.B.L21.A.R.A.2250.EUR.N,2014-12,0.0022,
SUD101,BBIM1.M.DE.B.L21.A.R.A.2250.EUR.N,2015-01,0.0022,
SUD101,BBIM1.M.DE.B.L21.A.R.A.2250.EUR.N,2015-02,0.002,
SUD101,BBIM1.M.DE.B.L21.A.R.A.2250.EUR.N,2015-03,0.0017000000000000001,
SUD101,BBIM1.M.DE.B.L21.A.R.A.2250.EUR.N,2015-04,0.0016,
SUD101,BBIM1.M.DE.B.L21.A.R.A.2250.EUR.N,2015-05,0.0016,
SUD101,BBIM1.M.DE.B.L21.A.R.A.2250.EUR.N,2015-06,0.0015,
SUD101,BBIM1.M.DE.B.L21.A.R.A.2250.EUR.N,2015-07,0.0014000000000000002,
SUD101,BBIM1.M.DE.B.L21.A.R.A.2250.EUR.N,2015-08,0.0014000000000000002,
SUD101,BBIM1.M.DE.B.L21.A.R.A.2250.EUR.N,2015-09,0.0014000000000000002,
SUD101,BBIM1.M.DE.B.L21.A.R.A.2250.EUR.N,2015-10,0.0015,
SUD101,BBIM1.M.DE.B.L21.A.R.A.2250.EUR.N,2015-11,0.0014000000000000002,
SUD101,BBIM1.M.DE.B.L21.A.R.A.2250.EUR.N,2015-12,0.0013,
SUD101,BBIM1.M.DE.B.L21.A.R.A.2250.EUR.N,2016-01,0.0012,
SUD101,BBIM1.M.DE.B.L21.A.R.A.2250.EUR.N,2016-02,0.0012,
SUD101,BBIM1.M.DE.B.L21.A.R.A.2250.EUR.N,2016-03,0.0011,
SUD101,BBIM1.M.DE.B.L21.A.R.A.2250.EUR.N,2016-04,0.001,
SUD101,BBIM1.M.DE.B.L21.A.R.A.2250.EUR.N,2016-05,0.001,
SUD101,BBIM1.M.DE.B.L21.A.R.A.2250.EUR.N,2016-06,0.0008,
SUD101,BBIM1.M.DE.B.L21.A.R.A.2250.EUR.N,2016-07,0.0008,
SUD101,BBIM1.M.DE.B.L21.A.R.A.2250.EUR.N,2016-08,0.0008,
SUD101,BBIM1.M.DE.B.L21.A.R.A.2250.EUR.N,2016-09,0.0008,
SUD101,BBIM1.M.DE.B.L21.A.R.A.2250.EUR.N,2016-10,0.0007000000000000001,
SUD101,BBIM1.M.DE.B.L21.A.R.A.2250.EUR.N,2016-11,0.0007000000000000001,
SUD101,BBIM1.M.DE.B.L21.A.R.A.2250.EUR.N,2016-12,0.0007000000000000001,
SUD101,BBIM1.M.DE.B.L21.A.R.A.2250.EUR.N,2017-01,0.0007000000000000001,
SUD101,BBIM1.M.DE.B.L21.A.R.A.2250.EUR.N,2017-02,0.0006,
SUD101,BBIM1.M.DE.B.L21.A.R.A.2250.EUR.N,2017-03,0.0005,
SUD101,BBIM1.M.DE.B.L21.A.R.A.2250.EUR.N,2017-04,0.0005,
SUD101,BBIM1.M.DE.B.L21.A.R.A.2250.EUR.N,2017-05,0.0005,
SUD101,BBIM1.M.DE.B.L21.A.R.A.2250.EUR.N,2017-06,0.0004,
SUD101,BBIM1.M.DE.B.L21.A.R.A.2250.EUR.N,2017-07,0.0004,
SUD101,BBIM1.M.DE.B.L21.A.R.A.2250.EUR.N,2017-08,0.0003,
SUD101,BBIM1.M.DE.B.L21.A.R.A.2250.EUR.N,2017-09,0.0003,
SUD101,BBIM1.M.DE.B.L21.A.R.A.2250.EUR.N,2017-10,0.0003,
SUD101,BBIM1.M.DE.B.L21.A.R.A.2250.EUR.N,2017-11,0.0003,
SUD101,BBIM1.M.DE.B.L21.A.R.A.2250.EUR.N,2017-12,0.0003,
SUD101,BBIM1.M.DE.B.L21.A.R.A.2250.EUR.N,2018-01,0.0003,
SUD101,BBIM1.M.DE.B.L21.A.R.A.2250.EUR.N,2018-02,0.0003,
SUD101,BBIM1.M.DE.B.L21.A.R.A.2250.EUR.N,2018-03,0.0002,
SUD101,BBIM1.M.DE.B.L21.A.R.A.2250.EUR.N,2018-04,0.0002,
SUD101,BBIM1.M.DE.B.L21.A.R.A.2250.EUR.N,2018-05,0.0002,
SUD101,BBIM1.M.DE.B.L21.A.R.A.2250.EUR.N,2018-06,0.0002,
SUD101,BBIM1.M.DE.B.L21.A.R.A.2250.EUR.N,2018-07,0.0002,
SUD101,BBIM1.M.DE.B.L21.A.R.A.2250.EUR.N,2018-08,0.0001,
SUD101,BBIM1.M.DE.B.L21.A.R.A.2250.EUR.N,2018-09,0.0001,
SUD101,BBIM1.M.DE.B.L21.A.R.A.2250.EUR.N,2018-10,0.0001,
SUD101,BBIM1.M.DE.B.L21.A.R.A.2250.EUR.N,2018-11,0.0002,
SUD101,BBIM1.M.DE.B.L21.A.R.A.2250.EUR.N,2018-12,0.0002,
SUD101,BBIM1.M.DE.B.L21.A.R.A.2250.EUR.N,2019-01,0.0002,
SUD101,BBIM1.M.DE.B.L21.A.R.A.2250.EUR.N,2019-02,0.0002,
SUD101,BBIM1.M.DE.B.L21.A.R.A.2250.EUR.N,2019-03,0.0001,
SUD101,BBIM1.M.DE.B.L21.A.R.A.2250.EUR.N,2019-04,0.0001,
SUD101,BBIM1.M.DE.B.L21.A.R.A.2250.EUR.N,2019-05,0.0001,
SUD101,BBIM1.M.DE.B.L21.A.R.A.2250.EUR.N,2019-06,0.0001,
SUD101,BBIM1.M.DE.B.L21.A.R.A.2250.EUR.N,2019-07,0.0001,
SUD101,BBIM1.M.DE.B.L21.A.R.A.2250.EUR.N,2019-08,0.0001,
SUD101,BBIM1.M.DE.B.L21.A.R.A.2250.EUR.N,2019-09,0.0001,
SUD101,BBIM1.M.DE.B.L21.A.R.A.2250.EUR.N,2019-10,0.0001,
SUD101,BBIM1.M.DE.B.L21.A.R.A.2250.EUR.N,2019-11,0.0001,
SUD101,BBIM1.M.DE.B.L21.A.R.A.2250.EUR.N,2019-12,0.0001,
SUD101,BBIM1.M.DE.B.L21.A.R.A.2250.EUR.N,2020-01,0.0001,
SUD101,BBIM1.M.DE.B.L21.A.R.A.2250.EUR.N,2020-02,0.0,
SUD101,BBIM1.M.DE.B.L21.A.R.A.2250.EUR.N,2020-03,0.0,
SUD101,BBIM1.M.DE.B.L21.A.R.A.2250.EUR.N,2020-04,0.0,
SUD101,BBIM1.M.DE.B.L21.A.R.A.2250.EUR.N,2020-05,0.0,
SUD101,BBIM1.M.DE.B.L21.A.R.A.2250.EUR.N,2020-06,0.0,
SUD101,BBIM1.M.DE.B.L21.A.R.A.2250.EUR.N,2020-07,0.0,
SUD101,BBIM1.M.DE.B.L21.A.R.A.2250.EUR.N,2020-08,0.0,
SUD101,BBIM1.M.DE.B.L21.A.R.A.2250.EUR.N,2020-09,0.0,
SUD101,BBIM1.M.DE.B.L21.A.R.A.2250.EUR.N,2020-10,0.0,
SUD101,BBIM1.M.DE.B.L21.A.R.A.2250.EUR.N,2020-11,0.0,
SUD101,BBIM1.M.DE.B.L21.A.R.A.2250.EUR.N,2020-12,0.0,
SUD101,BBIM1.M.DE.B.L21.A.R.A.2250.EUR.N,2021-01,0.0,
SUD101,BBIM1.M.DE.B.L21.A.R.A.2250.EUR.N,2021-02,-0.0,
SUD101,BBIM1.M.DE.B.L21.A.R.A.2250.EUR.N,2021-03,-0.0,
SUD101,BBIM1.M.DE.B.L21.A.R.A.2250.EUR.N,2021-04,-0.0,
SUD101,BBIM1.M.DE.B.L21.A.R.A.2250.EUR.N,2021-05,-0.0001,
SUD101,BBIM1.M.DE.B.L21.A.R.A.2250.EUR.N,2021-06,-0.0001,
SUD101,BBIM1.M.DE.B.L21.A.R.A.2250.EUR.N,2021-07,-0.0001,
SUD101,BBIM1.M.DE.B.L21.A.R.A.2250.EUR.N,2021-08,-0.0001,
SUD101,BBIM1.M.DE.B.L21.A.R.A.2250.EUR.N,2021-09,-0.0001,
SUD101,BBIM1.M.DE.B.L21.A.R.A.2250.EUR.N,2021-10,-0.0001,
SUD101,BBIM1.M.DE.B.L21.A.R.A.2250.EUR.N,2021-11,-0.0001,
SUD101,BBIM1.M.DE.B.L21.A.R.A.2250.EUR.N,2021-12,-0.0001,
SUD101,BBIM1.M.DE.B.L21.A.R.A.2250.EUR.N,2022-01,-0.0001,
SUD101,BBIM1.M.DE.B.L21.A.R.A.2250.EUR.N,2022-02,-0.0002,
SUD101,BBIM1.M.DE.B.L21.A.R.A.2250.EUR.N,2022-03,-0.0002,
SUD101,BBIM1.M.DE.B.L21.A.R.A.2250.EUR.N,2022-04,-0.0002,
SUD101,BBIM1.M.DE.B.L21.A.R.A.2250.EUR.N,2022-05,-0.0002,
SUD101,BBIM1.M.DE.B.L21.A.R.A.2250.EUR.N,2022-06,-0.0002,
SUD101,BBIM1.M.DE.B.L21.A.R.A.2250.EUR.N,2022-07,-0.0,
SUD101,BBIM1.M.DE.B.L21.A.R.A.2250.EUR.N,2022-08,0.0,
SUD101,BBIM1.M.DE.B.L21.A.R.A.2250.EUR.N,2022-09,0.0001,
SUD101,BBIM1.M.DE.B.L21.A.R.A.2250.EUR.N,2022-10,0.0001,
SUD101,BBIM1.M.DE.B.L21.A.R.A.2250.EUR.N,2022-11,0.0002,
SUD101,BBIM1.M.DE.B.L21.A.R.A.2250.EUR.N,2022-12,0.0007000000000000001,
SUD101,BBIM1.M.DE.B.L21.A.R.A.2250.EUR.N,2023-01,0.0009,
SUD101,BBIM1.M.DE.B.L21.A.R.A.2250.EUR.N,2023-02,0.0012,
SUD101,BBIM1.M.DE.B.L21.A.R.A.2250.EUR.N,2023-03,0.0017000000000000001,
SUD101,BBIM1.M.DE.B.L21.A.R.A.2250.EUR.N,2023-04,0.0022,
SUD101,BBIM1.M.DE.B.L21.A.R.A.2250.EUR.N,2023-05,0.003,
SUD101,BBIM1.M.DE.B.L21.A.R.A.2250.EUR.N,2023-06,0.0034000000000000002,
SUD101,BBIM1.M.DE.B.L21.A.R.A.2250.EUR.N,2023-07,0.0040999999999999995,
SUD101,BBIM1.M.DE.B.L21.A.R.A.2250.EUR.N,2023-08,0.0051,
SUD101,BBIM1.M.DE.B.L21.A.R.A.2250.EUR.N,2023-09,0.0055000000000000005,
SUD101,BBIM1.M.DE.B.L21.A.R.A.2250.EUR.N,2023-10,0.005600000000000001,
SUD101,BBIM1.M.DE.B.L21.A.R.A.2250.EUR.N,2023-11,0.0059,
SUD101,BBIM1.M.DE.B.L21.A.R.A.2250.EUR.N,2023-12,0.006,
SUD101,BBIM1.M.DE.B.L21.A.R.A.2250.EUR.N,2024-01,0.0062,
SUD101,BBIM1.M.DE.B.L21.A.R.A.2250.EUR.N,2024-02,0.0058,
SUD101,BBIM1.M.DE.B.L21.A.R.A.2250.EUR.N,2024-03,0.006,
SUD101,BBIM1.M.DE.B.L21.A.R.A.2250.EUR.N,2024-04,0.006,
SUD101,BBIM1.M.DE.B.L21.A.R.A.2250.EUR.N,2024-05,0.006,
SUD101,BBIM1.M.DE.B.L21.A.R.A.2250.EUR.N,2024-06,0.0059,
SUD101,BBIM1.M.DE.B.L21.A.R.A.2250.EUR.N,2024-07,0.0058,
SUD101,BBIM1.M.DE.B.L21.A.R.A.2250.EUR.N,2024-08,0.0058,
SUD101,BBIM1.M.DE.B.L21.A.R.A.2250.EUR.N,2024-09,0.005699999999999999,
SUD101,BBIM1.M.DE.B.L21.A.R.A.2250.EUR.N,2024-10,0.005600000000000001,
SUD101,BBIM1.M.DE.B.L21.A.R.A.2250.EUR.N,2024-11,0.0054,
SUD101,BBIM1.M.DE.B.L21.A.R.A.2250.EUR.N,2024-12,0.005600000000000001,
SUD101,BBIM1.M.DE.B.L21.A.R.A.2250.EUR.N,2025-01,0.005600000000000001,
SUD101,BBIM1.M.DE.B.L21.A.R.A.2250.EUR.N,2025-02,0.0052,
SUD101,BBIM1.M.DE.B.L21.A.R.A.2250.EUR.N,2025-03,0.0052,
SUD101,BBIM1.M.DE.B.L21.A.R.A.2250.EUR.N,2025-04,0.005,
SUD101,BBIM1.M.DE.B.L21.A.R.A.2250.EUR.N,2025-05,0.0051,
SUD101,BBIM1.M.DE.B.L21.A.R.A.2250.EUR.N,2025-06,0.004699999999999999,
SUD101,BBIM1.M.DE.B.L21.A.R.A.2250.EUR.N,2025-07,0.0043,
SUD101,BBIM1.M.DE.B.L21.A.R.A.2250.EUR.N,2025-08,0.0043,
SUD101,BBIM1.M.DE.B.L21.A.R.A.2250.EUR.N,2025-09,0.0044,
SUD101,BBIM1.M.DE.B.L21.A.R.A.2250.EUR.N,2025-10,0.0043,
SUD101,BBIM1.M.DE.B.L21.A.R.A.2250.EUR.N,2025-11,0.0043,
SUD101,BBIM1.M.DE.B.L21.A.R.A.2250.EUR.N,2025-12,0.0044,
SUD101,BBIM1.M.DE.B.L21.A.R.A.2250.EUR.N,2026-01,0.0043,
SUD101,BBIM1.M.DE.B.L21.A.R.A.2250.EUR.N,2026-02,0.0045000000000000005,
SUD101,BBIM1.M.DE.B.L21.A.R.A.2250.EUR.N,2026-03,0.004699999999999999,
SUD101,BBIM1.M.DE.B.L21.A.R.A.2250.EUR.N,2026-04,0.0048,
SUD101,BBIM1.M.DE.B.L21.A.R.A.2250.EUR.N,2026-05,0.0048,
SUD101,BBIM1.M.DE.B.L21.A.R.A.2250.EUR.N,2026-06,0.0051,
SUD101,BBIM1.M.DE.B.L21.A.R.A.2250.EUR.N,2026-07,0.005,
SUD101,BBIM1.M.DE.B.L21.A.R.A.2250.EUR.N,2026-08,0.0051,Provisional value
