start_year,end_year,nominal_mean,real_mean
1976,1985,0.03602416666666666,-0.0033071067638280717
1977,1986,0.034896666666666666,-5.648401051027152e-05
1978,1987,0.033870833333333336,0.002357859659151984
1979,1988,0.033328333333333335,0.0032351207301066997
1980,1989,0.03261583333333333,0.003747957171117533
1981,1990,0.030780833333333334,0.0046021959543350085
1982,1991,0.028689166666666665,0.005146023945576406
1983,1992,0.02665,0.004366976621268792
1984,1993,0.025929166666666666,0.003414166652231121
1985,1994,0.025014166666666667,0.0022777913401877846
1986,1995,0.024174166666666667,0.0016838149131936154
1987,1996,0.023663333333333335,-0.0003640826446744794
1988,1997,0.023265833333333333,-0.0024517363918170054
1989,1998,0.022818333333333333,-0.002471028592107738
1990,1999,0.021691666666666668,-0.0014609154510148326
1991,2000,0.020129166666666667,-0.0016939787769201242
1992,2001,0.018495833333333333,-0.0016987470222749267
1993,2002,0.01670666666666667,-0.0009930778689462016
1994,2003,0.015303333333333334,0.00017306073053982018
1995,2004,0.0143475,0.00020303531942263974
1996,2005,0.013500833333333333,-0.0003593556933058184
1997,2006,0.012868333333333334,-0.0011882476112054397
1998,2007,0.012901666666666667,-0.0014887835429303943
1999,2008,0.013286666666666667,-0.0028551654107842883
2000,2009,0.013033333333333334,-0.002806597713269221
2001,2010,0.012480833333333333,-0.0030978331535392867
2002,2011,0.012065833333333333,-0.0035449595145231384
2003,2012,0.011709166666666666,-0.004423632073376138
2004,2013,0.010971666666666668,-0.005651488762401613
2005,2014,0.010115,-0.0057938085835429805
2006,2015,0.009079166666666668,-0.005849363604457858
2007,2016,0.007809166666666667,-0.005979713785264673
2008,2017,0.006108333333333334,-0.00688769307647813
2009,2018,0.004181666666666667,-0.007959134410481395
2010,2019,0.003140833333333333,-0.010053703561543725
2011,2020,0.0024475,-0.010149133407029077
