year,valid_months,nominal,app_inflation,real
1968,4,0.035,0.0145833333333,0.02012320328545436
1969,4,0.037500000000000006,0.0196666666667,0.017489375612912195
1970,4,0.04875,0.0345833333333,0.013693113169585658
1971,5,0.04716,0.0521666666667,-0.004758434975478898
1972,4,0.04135,0.0551666666667,-0.01309429789925709
1973,5,0.05112,0.07,-0.01764485981308417
1974,4,0.055099999999999996,0.0699166666667,-0.013848430563158654
1975,11,0.04358181818181818,0.0591666666667,-0.014714255060470083
1976,12,0.03630833333333333,0.0425833333333,-0.0060187035408523215
1977,12,0.03133333333333333,0.0373333333333,-0.005784061696625931
1978,12,0.02550833333333333,0.0271666666667,-0.0016144734707448372
1979,12,0.03145,0.0401666666667,-0.008380067296939298
1980,12,0.046441666666666666,0.0545,-0.007641852378694414
1981,12,0.04916666666666667,0.0635,-0.013477511361855488
1982,12,0.048516666666666666,0.0520833333333,-0.0033900990098693073
1983,12,0.03260833333333333,0.0335,-0.0008627640703112727
1984,12,0.0301,0.024,0.005957031249999911
1985,12,0.02880833333333333,0.0205,0.008141433937612241
1986,12,0.025033333333333335,-0.00141666666667,0.02648752399232568
1987,12,0.021075,0.00266666666667,0.018359374999996625
1988,12,0.02008333333333333,0.0128333333333,0.00715813723880232
1989,12,0.024325,0.0276666666667,-0.003251702886830965
1990,12,0.028091666666666668,0.0271666666667,0.0009005354534803445
1991,12,0.02825,0.0365833333333,-0.00803923144944152
1992,12,0.028125,0.03975,-0.011180572252945442
1993,12,0.0254,0.0361666666667,-0.010390863760687985
1994,12,0.02095,0.0265,-0.005406721870433451
1995,12,0.020408333333333334,0.0181666666667,0.002201669667670547
1996,12,0.019925,0.0138333333333,0.006008548413644732
1997,12,0.0171,0.0196666666667,-0.0025171624714286356
1998,12,0.015608333333333333,0.00858333333333,0.006965215235894995
1999,12,0.013058333333333333,0.00616666666667,0.006849428524098089
2000,12,0.012466666666666668,0.0139166666667,-0.0014300978055725722
2001,12,0.011916666666666666,0.0201666666667,-0.008086913902989545
2002,12,0.010233333333333334,0.0144166666667,-0.004123880719658191
2003,12,0.011366666666666667,0.0100833333333,0.0012705222341722333
2004,12,0.011391666666666666,0.0165833333333,-0.005106975981605255
2005,12,0.011941666666666666,0.0154166666667,-0.0034222404596140343
2006,12,0.013600000000000001,0.0159166666667,-0.0022803707653514804
2007,12,0.017433333333333335,0.0230833333333,-0.005522521788678181
2008,12,0.019458333333333334,0.0263333333333,-0.006698603442643947
2009,12,0.010525,0.00316666666667,0.007335105499248762
2010,12,0.006941666666666666,0.0113333333333,-0.004342452208273229
2011,12,0.0077666666666666665,0.0205833333333,-0.012558177512828061
2012,12,0.006666666666666667,0.0198333333333,-0.012910606308188188
2013,12,0.003991666666666667,0.0151666666667,-0.011008044656082516
2014,12,0.002825,0.00941666666667,-0.006530174193018934
2015,12,0.0015833333333333335,0.00558333333333,-0.003977790668762804
2016,12,0.0009,0.0045,-0.003583872573419633
2017,12,0.000425,0.01525,-0.014602314700812746
2018,12,0.00019166666666666667,0.0179166666667,-0.017413016782676594
2019,12,0.00011666666666666667,0.0139166666667,-0.013610586011374548
2020,12,8.333333333333334e-06,0.00533333333333,-0.005296750663126737
