sample,n,first_year,last_year,nominal_inflation_correlation,nominal_arithmetic_mean,nominal_geometric_mean,nominal_sample_sd,nominal_negative_share,nominal_q0,nominal_q0.05,nominal_q0.25,nominal_q0.5,nominal_q0.75,nominal_q0.95,nominal_q1,real_arithmetic_mean,real_geometric_mean,real_sample_sd,real_negative_share,real_q0,real_q0.05,real_q0.25,real_q0.5,real_q0.75,real_q0.95,real_q1
baseline_complete_years,45,1976,2020,0.8065409077487135,0.018431666666666666,0.018351379201088418,0.01295979878199106,0.0,8.333333333333334e-06,0.00023833333333333337,0.010233333333333334,0.017433333333333335,0.028091666666666668,0.04441499999999997,0.04916666666666667,-0.0029517033825642576,-0.0029871265364770855,0.008526744502690144,0.7333333333333333,-0.017413016782676594,-0.013583971081470737,-0.00803923144944152,-0.004123880719658191,0.0009005354534803445,0.007980168249939544,0.02648752399232568
exclude_transition_2003,44,1976,2020,0.8051550537209508,0.018592234848484848,0.018510682026969268,0.013064270712263473,0.0,8.333333333333334e-06,0.00022666666666666666,0.009616666666666667,0.018445833333333335,0.0281,0.04492166666666668,0.04916666666666667,-0.003047663055671905,-0.0030836805796645257,0.008600708471729598,0.75,-0.017413016782676594,-0.013590624813946689,-0.008051152062828526,-0.00423316646396571,-0.0004219391893633684,0.00802048467185772,0.02648752399232568
subperiod_1968_2002,27,1976,2002,0.8396545403244569,0.026010802469135803,0.02595958570736542,0.0104703314604221,0.0,0.010233333333333334,0.012081666666666666,0.020004166666666663,0.0254,0.030716666666666663,0.04789416666666667,0.04916666666666667,-0.00046547337897613665,-0.0005049666903164769,0.009085048352360193,0.6296296296296297,-0.013477511361855488,-0.010943659705268205,-0.006830277959773368,-0.0025171624714286356,0.005982789831822322,0.015293992681281302,0.02648752399232568
subperiod_2003_2020,18,2003,2020,0.5330512888094654,0.007062962962962964,0.00704472637593713,0.006241862167559374,0.0,8.333333333333334e-06,0.00010041666666666668,0.0010708333333333334,0.006804166666666667,0.011385416666666667,0.017737083333333334,0.019458333333333334,-0.006681048387946438,-0.0066988131593722616,0.006115579151377769,0.8888888888888888,-0.017413016782676594,-0.015023920013092324,-0.012170644298641675,-0.005409636225902459,-0.0036823520972554258,0.002180209723933704,0.007335105499248762
subperiod_1976_1990,15,1976,1990,0.8927925353457751,0.03192333333333333,0.031883599029005824,0.009394767625128295,0.0,0.02008333333333333,0.0207775,0.025270833333333333,0.0301,0.03445833333333333,0.04871166666666667,0.04916666666666667,0.0011055200772995524,0.0010532893854670571,0.010621763904906364,0.6,-0.013477511361855488,-0.009909300516414154,-0.005901382618739126,-0.0016144734707448372,0.006557584244401116,0.020797819697695334,0.02648752399232568
subperiod_1991_2002,12,1991,2002,0.8454013373033644,0.018620138888888887,0.018602372130090663,0.006287270145941491,0.0,0.010233333333333334,0.011159166666666666,0.012910416666666667,0.0185125,0.0220625,0.02818125,0.02825,-0.002429215199320748,-0.0024493762176160177,0.006627688782141903,0.6666666666666666,-0.011180572252945442,-0.01074623258220384,-0.008051152062828526,-0.003320521595543413,0.0031533893541640934,0.006901532544406697,0.006965215235894995
subperiod_2003_2009,7,2003,2009,0.8799372975863848,0.013673809523809524,0.013668811809227664,0.00344108963608882,0.0,0.010525,0.0107775,0.011379166666666666,0.011941666666666666,0.015516666666666668,0.018850833333333334,0.019458333333333334,-0.002060726386353129,-0.00207100428589453,0.004899904863235608,0.7142857142857143,-0.006698603442643947,-0.006345778946454217,-0.005314748885141718,-0.0034222404596140343,-0.0005049242655896236,0.005515730519725799,0.007335105499248762
subperiod_2010_2020,11,2010,2020,0.48964278785274795,0.002856060606060606,0.002851954944032242,0.0030114182956731787,0.0,8.333333333333334e-06,6.25e-05,0.0003083333333333333,0.0015833333333333335,0.005329166666666667,0.007354166666666667,0.0077666666666666665,-0.009621253298051273,-0.00963260221074265,0.004972186181310681,1.0,-0.017413016782676594,-0.01600766574174467,-0.013260596159781368,-0.011008044656082516,-0.004819601435699983,-0.0037808316210912185,-0.003583872573419633
decade_1970s,4,1976,1979,0.949200046045803,0.031149999999999997,0.031142897692107485,0.004418160124858411,0.0,0.02550833333333333,0.02638208333333333,0.029877083333333332,0.031391666666666665,0.03266458333333333,0.03557958333333333,0.03630833333333333,-0.005449326501290597,-0.005452306604308918,0.002812565687608726,1.0,-0.008380067296939298,-0.008025862733526252,-0.0066090444798740655,-0.005901382618739126,-0.004741664640155657,-0.002239911704627003,-0.0016144734707448372
decade_1980s,10,1980,1989,0.9271186714663847,0.03261583333333333,0.032560099282319906,0.011329574846555529,0.0,0.02008333333333333,0.020529583333333334,0.024502083333333334,0.029454166666666663,0.04298333333333333,0.04887416666666667,0.04916666666666667,0.003747957171117533,0.003682744146695688,0.012083247216986866,0.5,-0.013477511361855488,-0.010851464819433004,-0.0033554999791097218,0.0025471335898443193,0.007895609762909761,0.022829856945777598,0.02648752399232568
decade_1990s,10,1990,1999,0.9086197184161384,0.021691666666666668,0.02167810428089074,0.005548314725779018,0.0,0.013058333333333333,0.014205833333333334,0.01780625,0.020679166666666665,0.02741875,0.02819375,0.02825,-0.0014609154510148326,-0.001483410742308009,0.007063366827768279,0.5,-0.011180572252945442,-0.010825203431429587,-0.007381104054689502,-0.0008083135089741456,0.005056828727151186,0.006913111215586387,0.006965215235894995
decade_2000s,10,2000,2009,0.7863917527309622,0.013033333333333334,0.013029230360269347,0.0030427712352596374,0.0,0.010233333333333334,0.010364583333333333,0.011372916666666667,0.011929166666666666,0.013316666666666668,0.018547083333333332,0.019458333333333334,-0.002806597713269221,-0.00281556699142734,0.004465427686932392,0.8,-0.008086913902989545,-0.007462174195834026,-0.005418635336909949,-0.0037730605896361125,-0.0016426660455172992,0.004606043029964318,0.007335105499248762
decade_2010s,10,2010,2019,0.4160931898680872,0.003140833333333333,0.003136761462624716,0.003014149886292491,0.0,0.00011666666666666667,0.00015041666666666667,0.00054375,0.0022041666666666668,0.005997916666666667,0.007395416666666666,0.0077666666666666665,-0.010053703561543725,-0.010065146519002867,0.0050183540780347575,1.0,-0.017413016782676594,-0.016148200845837863,-0.013435591085577958,-0.011783111084455289,-0.004889382704459655,-0.0037611357163240605,-0.003583872573419633
decade_2020s,1,2020,2020,,8.333333333333334e-06,8.333333333333334e-06,,0.0,8.333333333333334e-06,8.333333333333334e-06,8.333333333333334e-06,8.333333333333334e-06,8.333333333333334e-06,8.333333333333334e-06,8.333333333333334e-06,-0.005296750663126737,-0.005296750663126737,,1.0,-0.005296750663126737,-0.005296750663126737,-0.005296750663126737,-0.005296750663126737,-0.005296750663126737,-0.005296750663126737,-0.005296750663126737
