month,rate_percent
2003-01,1.20
2003-02,1.25
2003-03,1.24
2003-04,1.21
2003-05,1.20
2003-06,1.16
2003-07,1.06
2003-08,1.05
2003-09,1.06
2003-10,1.07
2003-11,1.06
2003-12,1.08
2004-01,1.10
2004-02,1.10
2004-03,1.12
2004-04,1.13
2004-05,1.13
2004-06,1.13
2004-07,1.14
2004-08,1.16
2004-09,1.17
2004-10,1.17
2004-11,1.15
2004-12,1.17
2005-01,1.19
2005-02,1.20
2005-03,1.21
2005-04,1.21
2005-05,1.23
2005-06,1.22
2005-07,1.17
2005-08,1.17
2005-09,1.18
2005-10,1.18
2005-11,1.17
2005-12,1.20
2006-01,1.22
2006-02,1.23
2006-03,1.26
2006-04,1.31
2006-05,1.34
2006-06,1.35
2006-07,1.36
2006-08,1.41
2006-09,1.43
2006-10,1.47
2006-11,1.45
2006-12,1.49
2007-01,1.58
2007-02,1.61
2007-03,1.63
2007-04,1.67
2007-05,1.70
2007-06,1.73
2007-07,1.77
2007-08,1.85
2007-09,1.85
2007-10,1.86
2007-11,1.84
2007-12,1.83
2008-01,1.89
2008-02,1.89
2008-03,1.90
2008-04,1.91
2008-05,1.90
2008-06,1.91
2008-07,1.95
2008-08,1.99
2008-09,2.05
2008-10,2.09
2008-11,2.02
2008-12,1.85
2009-01,1.77
2009-02,1.55
2009-03,1.38
2009-04,1.13
2009-05,1.03
2009-06,0.94
2009-07,0.88
2009-08,0.84
2009-09,0.82
2009-10,0.79
2009-11,0.75
2009-12,0.75
2010-01,0.73
2010-02,0.71
2010-03,0.70
2010-04,0.69
2010-05,0.69
2010-06,0.71
2010-07,0.69
2010-08,0.69
2010-09,0.69
2010-10,0.69
2010-11,0.68
2010-12,0.66
2011-01,0.67
2011-02,0.68
2011-03,0.70
2011-04,0.70
2011-05,0.74
2011-06,0.76
2011-07,0.81
2011-08,0.84
2011-09,0.86
2011-10,0.86
2011-11,0.85
2011-12,0.85
2012-01,0.83
2012-02,0.81
2012-03,0.77
2012-04,0.75
2012-05,0.72
2012-06,0.70
2012-07,0.65
2012-08,0.61
2012-09,0.57
2012-10,0.55
2012-11,0.53
2012-12,0.51
2013-01,0.49
2013-02,0.46
2013-03,0.45
2013-04,0.43
2013-05,0.41
2013-06,0.39
2013-07,0.38
2013-08,0.37
2013-09,0.37
2013-10,0.36
2013-11,0.34
2013-12,0.34
2014-01,0.33
2014-02,0.33
2014-03,0.33
2014-04,0.32
2014-05,0.32
2014-06,0.31
2014-07,0.26
2014-08,0.26
2014-09,0.25
2014-10,0.23
2014-11,0.23
2014-12,0.22
2015-01,0.22
2015-02,0.20
2015-03,0.17
2015-04,0.16
2015-05,0.16
2015-06,0.15
2015-07,0.14
2015-08,0.14
2015-09,0.14
2015-10,0.15
2015-11,0.14
2015-12,0.13
2016-01,0.12
2016-02,0.12
2016-03,0.11
2016-04,0.10
2016-05,0.10
2016-06,0.08
2016-07,0.08
2016-08,0.08
2016-09,0.08
2016-10,0.07
2016-11,0.07
2016-12,0.07
2017-01,0.07
2017-02,0.06
2017-03,0.05
2017-04,0.05
2017-05,0.05
2017-06,0.04
2017-07,0.04
2017-08,0.03
2017-09,0.03
2017-10,0.03
2017-11,0.03
2017-12,0.03
2018-01,0.03
2018-02,0.03
2018-03,0.02
2018-04,0.02
2018-05,0.02
2018-06,0.02
2018-07,0.02
2018-08,0.01
2018-09,0.01
2018-10,0.01
2018-11,0.02
2018-12,0.02
2019-01,0.02
2019-02,0.02
2019-03,0.01
2019-04,0.01
2019-05,0.01
2019-06,0.01
2019-07,0.01
2019-08,0.01
2019-09,0.01
2019-10,0.01
2019-11,0.01
2019-12,0.01
2020-01,0.01
2020-02,0.00
2020-03,0.00
2020-04,0.00
2020-05,0.00
2020-06,0.00
2020-07,0.00
2020-08,0.00
2020-09,0.00
2020-10,0.00
2020-11,0.00
2020-12,0.00
2021-01,0.00
2021-02,-0.00
2021-03,-0.00
2021-04,-0.00
2021-05,-0.01
2021-06,-0.01
2021-07,-0.01
2021-08,-0.01
2021-09,-0.01
2021-10,-0.01
2021-11,-0.01
2021-12,-0.01
2022-01,-0.01
2022-02,-0.02
2022-03,-0.02
2022-04,-0.02
2022-05,-0.02
2022-06,-0.02
2022-07,-0.00
2022-08,0.00
2022-09,0.01
2022-10,0.01
2022-11,0.02
2022-12,0.07
2023-01,0.09
2023-02,0.12
2023-03,0.17
2023-04,0.22
2023-05,0.30
2023-06,0.34
2023-07,0.41
2023-08,0.51
2023-09,0.55
2023-10,0.56
2023-11,0.59
2023-12,0.60
2024-01,0.62
2024-02,0.58
2024-03,0.60
2024-04,0.60
2024-05,0.60
2024-06,0.59
2024-07,0.58
2024-08,0.58
2024-09,0.57
2024-10,0.56
2024-11,0.54
2024-12,0.56
2025-01,0.56
2025-02,0.52
2025-03,0.52
2025-04,0.50
2025-05,0.51
2025-06,0.47
2025-07,0.43
2025-08,0.43
2025-09,0.44
2025-10,0.43
2025-11,0.43
2025-12,0.44
